s1_duration_sec,s1_amplitude,s1_area,s2_duration_sec,s2_amplitude,s2_area,systole_duration_sec,diastole_duration_sec,label
0.0995,0.271458399249638,0.019696896070819,0.085,0.261923358272389,0.015368705807603,0.195,0.336,1
0.0995,0.226438094354554,0.017610165893411,0.0995,0.291056322085013,0.017153028021,0.1575,0.3045,1
0.0995,0.240071251284337,0.019469603649761,0.0995,0.283960226681973,0.017978010920458,0.1685,1.2825,1
0.0995,0.421988476948323,0.02905820659568,0.0975,0.31144011827381,0.01960556131705,0.2,0.389,1
0.097,0.268513059916303,0.019291562702193,0.0995,0.284044613562822,0.01859700710922,0.169,0.5245,1
0.0995,0.209257375718383,0.01531608180501,0.099,0.32499085803625,0.019390602777775,0.1995,0.324,1
0.0995,0.269592453057807,0.019998968016914,0.0995,0.459082262898333,0.03102218340593,0.176,0.615,1
0.0995,0.269804987245853,0.019377211926416,0.0995,0.25790408698126,0.015937560460498,0.201,0.242,1
0.0995,0.217726455153028,0.016243744770517,0.0995,0.296119111702896,0.016497146458618,0.1405,0.3295,1
0.0995,0.290503369547035,0.020864782813722,0.0995,0.305442942339225,0.017996865136857,0.168,0.298,1
0.0995,0.245791610307865,0.016522608222876,0.0995,0.391092611730208,0.026421395679709,0.5865,0.197,1
0.0995,0.38226858194813,0.023677270938976,0.082,0.286911327371368,0.019461796231248,0.1235,0.1305,1
0.0915,0.20622844248303,0.012220296831383,0.0995,0.356618442979781,0.024568279953657,0.5255,0.198,1
0.0995,0.38286454323004,0.021639350764487,0.0995,0.274026108118219,0.02139758362257,0.323,0.156,1
0.0995,0.321009763392425,0.019253967190616,0.0995,0.352546385330369,0.0247006381049,0.3885,0.1845,1
0.0995,0.365723791724938,0.021903163325767,0.0995,0.308261381590033,0.021007159487951,0.2835,0.1365,1
0.0995,0.207026760473813,0.014733888181736,0.0995,0.30535422392811,0.022486071736427,0.266,0.165,1
0.0795,0.273964845906996,0.015615882552856,0.0995,0.331091104429453,0.025199786990087,0.3655,0.177,1
0.0945,0.371654485787254,0.021355309504605,0.0995,0.339526969357521,0.025117859154928,0.3325,0.161,1
0.0995,0.315286167643448,0.019596164251662,0.0995,0.358184432852236,0.024841156307313,0.313,0.155,1
0.0995,0.318507535233056,0.018677881551933,0.0995,0.318531963973883,0.022499378591565,0.2905,0.1575,1
0.0985,0.251411118748351,0.016516181706521,0.0995,0.350848599167498,0.024345641562031,0.8935,0.206,1
0.0995,0.306550241108603,0.018351215481162,0.0995,0.297123664283663,0.020858004260049,0.3295,0.1585,1
0.0905,0.223968627267324,0.012952130430117,0.0905,0.180741435051778,0.00979377759284,0.187,0.5645,1
0.0905,0.192519829841421,0.010850595099879,0.079,0.230686124879652,0.013348448603099,0.19,0.182,1
0.0905,0.170356853508111,0.009577687515051,0.0905,0.30397191234249,0.017479108847154,0.1975,0.1805,1
0.0905,0.215377904837421,0.012185126086556,0.0875,0.280197535248725,0.015750324015977,0.185,0.194,1
0.0905,0.193804064035876,0.01088904047529,0.0905,0.288078592961999,0.016808766423837,0.168,0.202,1
0.0905,0.18459785218652,0.010625989504145,0.0905,0.2522362060293,0.015314206505808,0.1835,0.189,1
0.0905,0.233544433992282,0.01351031681904,0.0905,0.218137984520149,0.012335365482155,0.572,0.1895,1
0.0905,0.261687114395599,0.016039338138507,0.0905,0.181783822081291,0.010368883106713,0.173,0.199,1
0.0905,0.228519767810247,0.014139389638466,0.0905,0.194046040208444,0.011222798197674,0.1905,0.272,1
0.09,0.149447238964904,0.008753037384652,0.0905,0.203421427475494,0.011971389597079,0.2005,0.5205,1
0.0905,0.212838898123253,0.011886619028893,0.0905,0.121895462543435,0.008480149530102,0.2155,0.1985,1
0.0905,0.181887972735585,0.010118722050873,0.0875,0.291116336186813,0.016178100017365,0.184,0.1895,1
0.0905,0.221792510602574,0.012054649518288,0.0905,0.207950891492812,0.012937953748989,0.1765,0.1925,1
0.0905,0.184217215455321,0.010705774268693,0.0905,0.355740764128918,0.021307291376088,0.1895,0.1715,1
0.0875,0.221457102206118,0.012105261598613,0.0905,0.22953230043562,0.01361300769906,0.1885,0.199,1
0.0905,0.221559262547856,0.012657877737404,0.0905,0.339114546555487,0.019499228910531,0.192,0.1745,1
0.0905,0.1957881354427,0.011101985493757,0.0785,0.265443776240226,0.014736022707215,0.1905,0.1945,1
0.0905,0.2149385768281,0.011965939532867,0.0905,0.189038043695447,0.011804199819951,0.356,0.1905,1
0.0905,0.292575690729886,0.016509005276529,0.0905,0.159414917728476,0.008960279956929,0.5765,0.1685,1
0.0905,0.284118019868913,0.016109858718976,0.0905,0.167484708210007,0.009506767795528,0.1965,0.178,1
0.0905,0.328589348760759,0.019096784302106,0.0905,0.190639748060538,0.010498011989074,0.1845,0.606,1
0.0905,0.227777288622589,0.013360449864625,0.0905,0.135645686283417,0.008578473234365,0.2565,0.1975,1
0.0905,0.21003309754579,0.011983791606367,0.0905,0.201735679728422,0.011499225238168,0.5855,0.1975,1
0.0905,0.308844256542099,0.018515610632153,0.0905,0.191240962479611,0.010952442342624,0.1765,0.1715,1
0.0905,0.298260876009842,0.017869161285415,0.0905,0.210972419035917,0.011639482111485,0.1805,0.184,1
0.0905,0.287954099965656,0.016626544908567,0.0905,0.216642345379205,0.012560381931959,0.195,0.3045,1
0.058,0.148631629396876,0.005812245779266,0.0995,0.148470964950526,0.010168812394337,0.664,0.101,0
0.0995,0.390036222266524,0.024544914599992,0.0885,0.142781979805518,0.00811342002277,0.138,0.109,0
0.0995,0.42735654404595,0.02868085142006,0.0995,0.373886057419076,0.025551081212529,0.3365,0.926,0
0.0995,0.243510614145807,0.013258396949649,0.0995,0.364739784747665,0.024053678966885,0.497,0.1515,0
0.0995,0.314462856867303,0.020995305788063,0.0995,0.329286356413104,0.022829053268147,0.3445,0.1505,0
0.0995,0.319788476742905,0.0207857347416,0.0995,0.334657256284217,0.023402607940407,0.3375,0.151,0
0.0995,0.279826393237013,0.018927414142002,0.0995,0.414784452428371,0.029273104300812,0.346,0.147,0
0.0995,0.333460327011253,0.021805802591499,0.0995,0.336267706590936,0.024119752745475,0.35,0.1535,0
0.0995,0.314867573079898,0.020478364623429,0.0995,0.360106798061309,0.025964473175425,0.3445,0.1575,0
0.0995,0.292576480892728,0.019190030195769,0.0995,0.331414326058766,0.023316239384741,0.3495,0.16,0
0.0995,0.330090647111263,0.021078633996324,0.0995,0.317114595461662,0.023691745681953,0.3765,0.164,0
0.0995,0.316396926068493,0.020496495632478,0.0995,0.330925553799039,0.023927234992925,0.3795,0.1655,0
0.0995,0.305003726327101,0.018196456895105,0.0995,0.314354205883894,0.022699092504941,0.401,0.1635,0
0.0995,0.267181398987783,0.017554217549962,0.0995,0.339659424728779,0.02345197671102,0.415,0.173,0
0.0995,0.288198183035537,0.019633791751201,0.0995,0.314137609294049,0.022410728693344,0.412,0.1575,0
0.0995,0.299748600438855,0.019106583159791,0.0995,0.31457518187672,0.021123864440601,0.389,0.168,0
0.1075,0.178750415523703,0.015604957052865,0.103,0.247448695170953,0.013792983839617,0.293,0.3815,1
0.107,0.180902360150903,0.010574130269424,0.0705,0.15996461229306,0.010179870921411,0.2815,0.1205,1
0.1065,0.223469468882459,0.013847085972124,0.0975,0.187160335102146,0.015169043184917,1.233,0.136,1
0.1075,0.380610999555882,0.025902137807699,0.105,0.17449673992034,0.011797165894282,0.4955,0.519,1
0.103,0.173096133125361,0.014818216815945,0.1075,0.412373343222407,0.026122411902643,0.0945,1.486,1
0.1075,0.185422579301511,0.015838497328006,0.1075,0.308156852054617,0.019732835663921,0.0975,0.341,1
0.1035,0.161059069725255,0.013630284049615,0.1075,0.359058022046125,0.023143954114334,0.225,0.4685,1
0.107,0.223214500801517,0.014442077447866,0.1645,0.237873825740928,0.024684959799398,0.6425,0.707,0
0.1085,0.208973213095274,0.013464606801676,0.11,0.221328319421549,0.014144785711449,0.71,0.718,0
0.1095,0.21411818303021,0.013184935828634,0.1435,0.084202246602044,0.006175820168131,0.046,0.532,0
0.1125,0.217592644137401,0.013897826387122,0.1645,0.089545987963936,0.007384623497943,0.0425,0.5165,0
0.1095,0.222518818205708,0.013692699627808,0.111,0.19838743556619,0.012527542874974,0.7215,0.7205,0
0.1095,0.192162555018585,0.011657661572568,0.1105,0.186774733444617,0.011947356690564,0.734,0.7595,0
0.1185,0.17454376602326,0.011736515575129,0.12,0.261289440374931,0.017748510051056,0.1145,0.716,1
0.1215,0.133113778530765,0.009094032591567,0.1125,0.272275060463289,0.016503356465454,1.5265,0.2035,1
0.1145,0.212600469212936,0.016888695841835,0.1215,0.267579123145696,0.018156399345726,0.5245,0.2445,1
0.086,0.128346956083386,0.007406712292001,0.1215,0.164480313921797,0.01276368031825,0.409,0.2495,1
0.1095,0.18206033102125,0.012696241000219,0.1155,0.343188814479878,0.020864941109909,0.3265,0.2135,1
0.11,0.179956094731041,0.012968069837687,0.1215,0.31834703916086,0.021837211472018,0.4735,0.2425,1
0.0925,0.145790734330839,0.009117239653555,0.1215,0.204625413095356,0.015154624047386,0.4185,0.238,1
0.087,0.162813638552276,0.009013339591974,0.1195,0.29995253736725,0.017642132653275,0.3445,0.254,1
0.095,0.184682393058266,0.011027727549391,0.1215,0.265647800300245,0.019560439769926,0.5735,0.145,1
0.098,0.12551729620711,0.007460368338768,0.11,0.316643942837444,0.018318330784783,0.4735,0.26,1
0.09,0.177975706204057,0.01006651471516,0.1215,0.207098951414397,0.015613979224629,0.4925,0.2485,1
0.0885,0.127710761543227,0.007960593166464,0.1125,0.214632765512536,0.013969069754767,0.4175,0.26,1
0.088,0.174972899256886,0.010688619840007,0.1215,0.233146592903738,0.016154654010502,0.3165,0.2405,1
0.087,0.15997023913919,0.009028026173056,0.119,0.328846081702811,0.021781195316492,0.4645,0.247,1
0.098,0.140112361963761,0.008679722233806,0.1215,0.259319518979205,0.01815192729206,0.4275,0.156,1
0.0875,0.15523822358039,0.009101153570641,0.1175,0.339261465250828,0.020795362712402,0.4215,0.2335,1
0.0985,0.168212664789066,0.01001102746053,0.1215,0.272923205508812,0.018380128804382,0.2155,0.146,1
0.0985,0.153433074903969,0.009317040317155,0.12,0.328029899224541,0.022654938999728,0.6585,0.1535,1
0.102,0.1373348466239,0.008061691971199,0.114,0.211043107568773,0.01334910693204,0.526,0.262,1
0.078,0.176298565929118,0.00920897348031,0.1215,0.217518750808773,0.014872022146071,0.5455,0.2445,1
0.09,0.136722845850512,0.008028295379786,0.1105,0.178618765701739,0.011645521604125,0.408,0.2505,1
0.0825,0.154060106090582,0.008393213749571,0.119,0.292420310397982,0.019072116583647,0.4935,0.249,1
0.099,0.180163412709273,0.011513124678734,0.1215,0.207312227828192,0.015107584163705,0.4365,0.228,1
0.0995,0.171769806608976,0.011695622769932,0.113,0.279923616644853,0.016534885143524,0.4225,0.247,1
0.1185,0.38262054458207,0.025050666525873,0.1245,0.275138563059675,0.019360432313788,0.167,0.691,0
0.1175,0.367455651757794,0.024467288036651,0.1245,0.355456338494137,0.027292337867951,0.183,0.779,0
0.1235,0.366490729585487,0.025841895682119,0.1245,0.334815041125287,0.026544220854909,0.1805,0.7505,0
0.1225,0.344467695386619,0.023899792237204,0.1245,0.241996518382617,0.018041621438916,0.1855,0.6625,0
0.1175,0.392630595234981,0.02686631263937,0.1245,0.306122734520369,0.021973959576529,0.1825,0.5895,0
0.11,0.473153953165595,0.045526731858974,0.1215,0.434673492244045,0.033367566360697,0.239,1.7915,0
0.1215,0.513566589037106,0.037030851318444,0.117,0.298044251768977,0.01822672564616,0.162,0.544,0
0.1215,0.452268748145419,0.034926848065988,0.099,0.252773776696008,0.013854846431871,0.1735,0.5505,0
0.1215,0.488673025047447,0.036307411895184,0.1095,0.314260261179701,0.018062477041228,0.185,0.538,0
0.1215,0.40993814098716,0.032445861006034,0.1215,0.304402060562603,0.019626665816553,0.1715,0.5155,0
0.1215,0.529265866933511,0.036408094837395,0.1215,0.254323203070718,0.016658971686207,0.176,0.521,0
0.1215,0.510689472051227,0.037891774532327,0.1095,0.318215284003705,0.019640780528823,0.1775,0.572,0
0.1215,0.398787401358438,0.033099132320421,0.1215,0.286540831241992,0.017085625571332,0.165,0.546,0
0.1215,0.490731281675654,0.032840796448409,0.1215,0.356914407585531,0.023552413291546,0.174,0.5645,0
0.1215,0.446965341573202,0.033374227489678,0.1105,0.332111461629251,0.018731101426447,0.1915,0.569,0
0.1215,0.386755606126909,0.031145694938584,0.1125,0.282628596125779,0.016771469491417,0.1725,0.5405,0
0.1215,0.497224073876604,0.033260462490096,0.121,0.284707337260661,0.019062490233969,0.1815,0.4935,0
0.1215,0.523252708342153,0.038928362068132,0.1215,0.39270605910038,0.023170252429111,0.1815,0.487,0
0.1215,0.419843209142146,0.033070549571487,0.1215,0.310213732603926,0.018374843022696,0.1845,0.479,0
0.1145,0.33809695696206,0.025085298078359,0.1145,0.235717800280053,0.015213596717017,0.1955,0.375,0
0.108,0.364691381187183,0.023178432355061,0.1145,0.211176394694686,0.013629975844474,0.2145,0.4585,0
0.1145,0.38976115451086,0.026221926985079,0.1145,0.257429049634999,0.017366219072998,0.205,0.461,0
0.1145,0.364029812770463,0.024858956542164,0.0825,0.217387953495472,0.01213046437654,0.216,0.4865,0
0.1035,0.379068037963268,0.024055091350571,0.11,0.221996853458857,0.013061385197091,0.225,0.455,0
0.1085,0.379149312892627,0.023808573648945,0.1105,0.211300650903738,0.014039183558954,0.2185,0.437,0
0.1145,0.27815251174648,0.019635137680263,0.113,0.20521585702605,0.012560620066868,0.1975,0.3435,0
0.1145,0.324944142420552,0.020977624270001,0.1055,0.244456509119576,0.014833047382275,0.2145,0.4925,0
0.1145,0.363156655991527,0.023965596154054,0.1095,0.2076378582099,0.013777282469451,0.21,0.4305,0
0.1145,0.338509631623096,0.023865413744128,0.0815,0.195137765717051,0.011388710276264,0.2005,0.4765,0
0.1145,0.331194103990781,0.023891318104209,0.1145,0.235272483930522,0.015915650849782,0.206,0.4015,0
0.1145,0.372758728132936,0.02382831290949,0.108,0.209142459709483,0.01360516216043,0.195,0.4515,0
0.1145,0.406244101088429,0.028759579810541,0.1045,0.230788906968774,0.013835068936296,0.207,0.1985,0
0.1135,0.170482679074178,0.011515509549775,0.1145,0.388521802145383,0.025542842443582,0.1055,0.215,0
0.106,0.216343736534934,0.012783191251304,0.1145,0.369382531970102,0.023710033785633,0.399,0.2115,0
0.1125,0.26388698305828,0.016811630357311,0.108,0.397405069931911,0.023122787532988,0.4085,0.2185,0
0.104,0.236243420615856,0.014372630682676,0.1085,0.379871610788514,0.024233828686145,0.402,0.2155,0
0.111,0.196637859749286,0.012914376978679,0.1085,0.314060836173149,0.020534097931309,0.3035,0.1985,0
0.1145,0.23187956732966,0.014583847876134,0.1145,0.334753753838967,0.021981331557936,0.3535,0.172,0
0.1145,0.251623216278179,0.018711042525701,0.1145,0.375641649348283,0.024519655969699,0.366,0.205,0
0.1145,0.315541114390797,0.020638113697792,0.1145,0.333240671948286,0.022986667561627,0.4605,0.2155,0
0.108,0.274043409218366,0.016264824220359,0.1125,0.356254304081815,0.02231179568109,0.4105,0.227,0
0.108,0.269384142349447,0.018043671682705,0.0945,0.328286247295061,0.020695545821213,0.4125,0.2315,0
0.1105,0.291840113638652,0.018063805240809,0.1145,0.371450978239217,0.023026546754048,0.4405,0.22,0
0.1145,0.440460756440548,0.029762550979713,0.1145,0.207446343438109,0.016534615598832,0.163,0.6005,0
0.1145,0.31625016242504,0.024082040495603,0.1145,0.178328875242371,0.013007273636702,0.1815,0.557,0
0.1145,0.376444571766381,0.028239833299783,0.1145,0.231278804301944,0.017507086790421,0.1895,0.5145,0
0.1145,0.334959574368314,0.024152307710973,0.1145,0.189500521201446,0.014297824306322,0.197,0.4915,0
0.1145,0.307833055345627,0.022471687691866,0.1145,0.206403026815206,0.015598657550629,0.188,0.458,0
0.1145,0.275682618647063,0.020731751312617,0.1025,0.20149339274236,0.013339493801359,0.1865,0.4425,0
0.1145,0.385730906528838,0.026159818482193,0.114,0.203108566827446,0.014781952551017,0.1635,0.4535,0
0.1135,0.381675269427965,0.025978983053941,0.1145,0.219219925795093,0.015057598176672,0.1865,0.4465,0
0.1235,0.139353991554771,0.010491847805844,0.118,0.246158241667806,0.016957073009031,0.2975,0.442,1
0.1215,0.13571553531228,0.010662691637121,0.1305,0.227214518192406,0.013125814569132,0.2015,0.85,1
0.1305,0.256823441924166,0.019169691569874,0.1305,0.249933226111485,0.019078554850312,0.5185,0.213,1
0.1305,0.11907705487922,0.009259842385599,0.1265,0.210835727950224,0.014788913866025,0.2505,0.184,1
0.1305,0.125803809185804,0.010730086867962,0.127,0.326057402873633,0.020398209204244,0.8735,0.218,1
0.1305,0.178215504802019,0.013264326110635,0.1225,0.135345051754851,0.011408785825512,0.269,0.1815,1
0.1305,0.13526042365275,0.009489217870371,0.1305,0.153087476155071,0.013613969292743,0.286,0.162,1
0.125,0.147555265705444,0.010422098572911,0.1305,0.333090141232199,0.025449977439201,0.7915,0.2185,1
0.125,0.150529281837281,0.011792979758451,0.1255,0.161027191206504,0.014004340448534,0.277,0.5445,1
0.1295,0.140876118296847,0.011043816373139,0.1305,0.314137530798011,0.022905043658307,1.0895,0.219,1
0.113,0.137371904549862,0.009198251427425,0.122,0.17400816799112,0.014188759019522,0.2765,0.141,1
0.1165,0.155574681916607,0.011352460149623,0.1305,0.287796665606452,0.022842317195526,0.975,0.192,1
0.1305,0.141916040030403,0.010359041037689,0.1305,0.274314659834325,0.022910427471917,0.8255,0.1905,1
0.1305,0.160697500625204,0.011736722781723,0.1305,0.288671809972563,0.022759974221646,0.8095,0.2005,1
0.1305,0.157786286195885,0.012376177105559,0.1215,0.224932505068988,0.016633051169624,0.7555,0.215,1
0.125,0.120738619985556,0.009570865342977,0.1195,0.25029558534718,0.018522908857778,0.7595,0.2095,1
0.1305,0.191672212140751,0.015008818428255,0.1305,0.269160717097575,0.020562235354883,0.732,0.201,1
0.1305,0.169014025761365,0.012776208624317,0.1305,0.256569523402963,0.020087069287139,0.9805,0.2485,1
0.121,0.140639815181545,0.009999815424524,0.124,0.176856123327897,0.012441609201152,1.161,0.2135,1
0.1305,0.142256260698235,0.011268962877321,0.1305,0.116419268388724,0.011854468596278,0.92,0.213,1
0.1305,0.152736400959982,0.011922257806003,0.1305,0.236280440874966,0.019010622338893,1.0095,0.351,1
0.114,0.172646854268769,0.012326818790355,0.1215,0.369050361965477,0.02415099950648,0.156,0.1195,1
0.112,0.412958639157448,0.024836262209534,0.09,0.366664001302942,0.01953392689921,0.2025,0.383,1
0.115,0.353531379323734,0.020553080125104,0.115,0.431631052447368,0.02506845014039,0.2095,0.6565,1
0.1165,0.354238430736787,0.021872850648217,0.1165,0.489513875950365,0.030233331916175,0.211,0.358,1
0.1165,0.349163792525393,0.020532100761511,0.115,0.439662499879301,0.024522981492746,0.2095,0.326,1
0.1155,0.367648680323205,0.022351597879873,0.1165,0.427678598583645,0.024736367570783,0.205,0.277,1
0.1145,0.451490601045813,0.025902270560159,0.087,0.320306875305319,0.01669004885047,0.2065,0.334,1
0.114,0.366956142969157,0.021684953610795,0.1165,0.449104654884436,0.026273944818848,0.2045,0.3175,1
0.1165,0.466900002439959,0.028103755461202,0.115,0.501474514414331,0.029322149316647,0.2015,0.3355,1
0.1165,0.404945892264738,0.02487740903883,0.1105,0.511786399673314,0.029012610706904,0.201,0.94,1
0.1165,0.36348749811075,0.021836112571787,0.1165,0.599445319232387,0.036823852751027,0.2095,0.7125,1
0.1165,0.336669621047332,0.020168486247597,0.1165,0.514606499208596,0.030693672386567,0.217,0.402,1
0.1155,0.242089854253159,0.014793636308973,0.106,0.493095179665325,0.027171759834904,0.219,0.363,1
0.109,0.260067439044323,0.015283974191595,0.1235,0.270275054176935,0.017541957166537,0.2025,0.5825,0
0.1235,0.269144979729889,0.01845717276425,0.12,0.281660987403614,0.016835529801659,0.1915,0.6005,0
0.1115,0.252881546811738,0.016203319893341,0.1235,0.307868126280931,0.019101640442134,0.197,0.59,0
0.1095,0.257163983865085,0.016002789322615,0.1145,0.28843428329982,0.016893663066816,0.199,0.603,0
0.115,0.264372142026718,0.017639583827725,0.1235,0.348154461216521,0.021602460258957,0.1825,0.5775,0
0.1235,0.259821794695363,0.019233771095431,0.1235,0.347345073327696,0.020775525759638,0.1735,0.5575,0
0.1295,0.229434488041124,0.01439930779803,0.117,0.227366699432479,0.013660563472222,0.264,0.233,1
0.1295,0.275311045997629,0.020714693040271,0.1295,0.118749843750398,0.006926835001644,1.047,0.327,1
0.1225,0.201788027947228,0.012164682923572,0.1295,0.269410769947492,0.020740888560332,0.485,0.175,1
0.1015,0.205280008461698,0.011255218772002,0.1295,0.218162192911934,0.017160795566486,0.537,0.1665,1
0.117,0.183691378668986,0.011322316542618,0.129,0.093345925376459,0.008422445061989,0.2965,0.188,1
0.12,0.161580579931857,0.010040511969888,0.1295,0.234002726445141,0.017876231572065,0.506,0.168,1
0.1175,0.166608071260398,0.010242586827048,0.1095,0.109261705181714,0.007576536162029,0.336,0.217,1
0.105,0.159208425132113,0.009915615816272,0.119,0.178259643914122,0.012341320249094,0.5645,0.1855,1
0.1245,0.179998916582035,0.010455512247014,0.1295,0.144861592725799,0.009141831017182,0.5695,0.4805,1
0.1295,0.185060932269873,0.015439148712721,0.121,0.156043166164461,0.009006898586167,0.1725,0.6025,1
0.1295,0.206918727736592,0.015015158017392,0.1215,0.16225542233102,0.009902230710358,0.1735,0.6225,1
0.1295,0.156282239087906,0.011955249852468,0.1295,0.209117363896329,0.015899664459119,0.493,0.1705,1
0.129,0.150853846414954,0.00946374216945,0.1105,0.167862759168987,0.012255536032992,0.6765,0.1775,1
0.1295,0.163648159019138,0.010266072955058,0.126,0.142266730431964,0.011784495195226,0.656,0.1825,1
0.1265,0.167789527104894,0.009787758695552,0.1295,0.160740252976882,0.012796882253623,0.5445,0.1805,1
0.1295,0.161008955987013,0.010062093661454,0.1205,0.090421679805266,0.007343810991188,0.6435,0.613,1
0.1085,0.133920122601105,0.008029273549564,0.1295,0.178691333928947,0.014951662920187,0.462,0.186,1
0.112,0.153232144904971,0.009577733378235,0.123,0.279468932157514,0.0188227816889,0.532,0.1965,1
0.109,0.174570271887656,0.009790720846097,0.1235,0.209939375986503,0.014516039154513,0.4525,0.1785,1
0.1295,0.135124891060048,0.010017750717851,0.1295,0.226169554756129,0.018360237180644,0.9845,0.216,1
0.1265,0.36361574118702,0.029408382239854,0.1265,0.449866085436134,0.036153066271364,0.7175,0.1705,0
0.1265,0.160089865942117,0.014271251824325,0.1265,0.473798734072843,0.036555065515992,0.403,0.748,0
0.1265,0.526364519269553,0.040092895831233,0.1165,0.17317776496004,0.015432924385547,0.1655,0.524,0
0.1265,0.473023067492864,0.03796460642008,0.119,0.198676138454371,0.015933121714562,0.1715,0.564,0
0.1265,0.42871428847957,0.034279123904004,0.1265,0.18455254545631,0.015214588969233,0.1685,0.583,0
0.1265,0.400174516505716,0.03291183770511,0.1265,0.222471546161314,0.016739640276604,0.1635,0.603,0
0.1265,0.384158141761339,0.031892765384235,0.121,0.217004045500292,0.016444692982541,0.1745,0.6,0
0.1265,0.435788063102844,0.035518059009834,0.1195,0.165239323691745,0.014748936694483,0.179,0.601,0
0.1005,0.188055535721068,0.011127344417168,0.1045,0.357919303480905,0.022799913850203,0.346,0.119,1
0.0915,0.14527866335177,0.008715458489602,0.1065,0.354917562806145,0.025392735639734,1.0865,0.226,1
0.095,0.153832226179048,0.0103361271225,0.1065,0.287674526596466,0.020545835211559,0.3405,0.2235,1
0.099,0.173979406286411,0.010854796556996,0.1055,0.378814741638689,0.025717772205344,0.34,0.209,1
0.1065,0.152962688773698,0.012556904335422,0.1065,0.376082286753678,0.025529344482393,0.342,0.237,1
0.0855,0.16322050941047,0.009206084043363,0.1065,0.360889892430504,0.024966168332978,0.3365,0.2085,1
0.1065,0.164058868979184,0.012783175929989,0.0905,0.210930825737533,0.012190918869902,0.1595,0.0935,1
0.1065,0.40456292087763,0.029174196818996,0.095,0.190142858867729,0.011693888544691,0.232,0.3315,1
0.1065,0.377826750512489,0.026844942719365,0.076,0.13210503642328,0.008011544827112,0.2395,0.3325,1
0.1065,0.37456540991686,0.026016627637738,0.0865,0.161279491638788,0.01019389855713,0.239,0.332,1
0.1065,0.317936651944501,0.02266912584069,0.0855,0.203691838151883,0.011972586120613,0.246,0.3235,1
0.1065,0.338503386041402,0.024889506482746,0.104,0.250759792361179,0.015268423538354,0.2175,0.3385,1
0.1065,0.354061019481967,0.029347335230159,0.094,0.149403699027489,0.009730509648856,0.218,0.3465,1
0.104,0.312048184646271,0.023081787192526,0.078,0.144101206239437,0.008221290172107,0.2415,0.3465,1
0.1065,0.406439732665238,0.028718474234167,0.093,0.137817111536238,0.009645589332293,0.2225,0.3455,1
0.1065,0.351713563143641,0.025824659624365,0.103,0.20193209583312,0.015093565861664,0.2205,0.3255,1
0.1065,0.363414230608012,0.025374925122698,0.1065,0.181443647419599,0.013257228167443,0.2215,0.3385,1
0.1065,0.416630339594296,0.027973303347826,0.0785,0.153631367548841,0.009410757864299,0.241,0.3375,1
0.1015,0.344969713471943,0.023481827981912,0.1045,0.217387671156673,0.01449964478376,0.221,0.327,1
0.106,0.304629135871284,0.022520059306889,0.0995,0.238570222159282,0.014937248967708,0.239,0.3175,1
0.1065,0.405697768152572,0.027038551187254,0.098,0.166474712995264,0.010307235156917,0.146,0.401,1
0.1065,0.335351203839738,0.022100485896232,0.1,0.145313498715176,0.010477418662988,0.2255,0.312,1
0.1055,0.287786600441051,0.019643951084457,0.1,0.173498566861021,0.011274905762819,0.141,0.396,1
0.106,0.247804814459304,0.016005748110664,0.1065,0.196850786989344,0.013638433509156,0.2225,0.303,1
0.1065,0.30450751975088,0.021935811481977,0.0995,0.151637423258848,0.010884075598562,0.219,0.2995,1
0.1065,0.245923951184586,0.017212475576049,0.1065,0.232090975015088,0.014682705973694,0.24,0.3005,1
0.1065,0.375337946786225,0.028970934339019,0.0935,0.203604857708773,0.013543262701465,0.2365,0.3145,1
0.054,0.12801821282637,0.005373332738612,0.0925,0.310119197257558,0.025924943484775,0.1545,0.1175,1
0.0925,0.330735230502667,0.017876376596821,0.0925,0.206568582873881,0.01158313772781,0.3925,0.278,1
0.073,0.275781690441121,0.018298673735165,0.0925,0.260740719716487,0.01513662495641,0.1365,1.245,1
0.0905,0.32952464959748,0.024920386062882,0.0925,0.356299754546592,0.022173642438796,0.143,0.508,1
0.0925,0.205209633104143,0.012675612398891,0.0635,0.149261805899768,0.007419619822507,0.3265,0.142,1
0.0925,0.291990424593388,0.023261245160453,0.0925,0.386186108030465,0.023302411475801,0.1075,1.4935,1
0.0925,0.321005768583755,0.024115143823691,0.0925,0.32443845329159,0.019180161146453,0.1195,0.4815,1
0.0925,0.244044310579059,0.019759600994504,0.0925,0.324160344049778,0.019608058708299,0.1115,0.4825,1
0.0925,0.236140556586251,0.019795211711309,0.092,0.36389970858779,0.022642937733632,0.1645,0.9695,1
0.1165,0.360463938176102,0.022662651729981,0.12,0.353408661386414,0.023485947402346,1.001,0.206,1
0.1255,0.247462498023994,0.022087788054097,0.109,0.340501491683572,0.019780154720802,1.364,0.349,1
0.1195,0.233617602825938,0.015034135564584,0.1255,0.549981695562374,0.03571102505893,0.52,0.1885,1
0.1255,0.269639163010489,0.022413170342028,0.0285,0.167158058161111,0.004034157972446,0.301,0.14,1
0.1255,0.276354064113147,0.025435723847392,0.111,0.196460886852598,0.015200790684456,0.517,0.096,1
0.1225,0.40690941676942,0.024918940052209,0.124,0.321348320801816,0.02484698810639,0.2245,0.149,1
0.1255,0.275086495926532,0.023451664376736,0.1205,0.432697306721285,0.029750048330843,0.7155,0.234,1
0.093,0.216723259058403,0.013510277269686,0.124,0.187147497889752,0.014990564335161,0.962,0.2145,1
0.1255,0.327532230348401,0.022790181938017,0.1245,0.398023231040441,0.026804544259749,0.9815,0.215,1
0.118,0.277837111163339,0.021108565873482,0.1255,0.186657706448608,0.015531331786618,0.992,0.222,1
0.1005,0.164636858910289,0.011969974354,0.0965,0.337411685465226,0.019427642784762,0.1895,0.4435,1
0.1005,0.167941829914168,0.012249531666634,0.1005,0.27513545948566,0.018242346838908,0.2105,0.181,1
0.0825,0.165637304317739,0.010481000157689,0.1005,0.218517850907978,0.013325249781854,0.1905,0.206,1
0.0985,0.174644519516272,0.012009668358017,0.1005,0.309775847779693,0.017632568143134,0.213,0.367,1
0.1005,0.194489840659643,0.013756565575839,0.1005,0.285539755049604,0.017598534188821,0.2055,0.3195,1
0.1005,0.182816138029449,0.010762561421451,0.1005,0.252680724758168,0.019295083218894,0.441,0.1935,1
0.1005,0.298775649725115,0.017992225886004,0.092,0.207824023672554,0.012647402226405,0.3925,0.121,1
0.1005,0.374917932530441,0.020882714514445,0.1005,0.271052301711358,0.018280549962343,0.519,0.2155,1
0.1005,0.239873882006184,0.014639879422868,0.0845,0.172519884475012,0.010904824671502,0.243,0.1965,1
0.1005,0.190709131831327,0.01210422845512,0.0835,0.155432845987264,0.009568309929878,0.3135,0.234,1
0.1005,0.296109990608502,0.018152063026294,0.089,0.148693714541442,0.009168603248307,0.275,0.223,1
0.1005,0.312758044146945,0.018358140272484,0.1005,0.155684646883355,0.010884307762458,0.3325,0.21,1
0.0985,0.256568010155331,0.014485447580747,0.1005,0.197097314862011,0.013190524573405,0.3165,0.2285,1
0.081,0.251151423866113,0.013774925104984,0.0905,0.124672485830546,0.008562760170688,0.199,0.1925,1
0.1005,0.166668234498079,0.010544155508573,0.1,0.146386016383203,0.010466343048002,0.228,0.195,1
0.1005,0.298570254993149,0.016663818782924,0.1005,0.205146020097149,0.012926879258748,0.406,0.2575,1
0.1335,0.14432657569024,0.012693751764891,0.1335,0.456435942117394,0.037038314319318,0.343,0.2495,1
0.125,0.293244284939222,0.021934689957954,0.1335,0.35442036262045,0.032582863476067,0.4385,0.24,1
0.1335,0.370653035922787,0.027286049014125,0.1335,0.337087670662017,0.031539213385471,0.42,0.262,1
0.1335,0.254664838680674,0.021130169414341,0.1335,0.313426057713756,0.030330714340082,0.4285,0.255,1
0.1295,0.343030736272063,0.024668539730691,0.1335,0.284520945858609,0.025613875950103,0.4485,0.2615,1
0.1335,0.295506140253928,0.022058726242518,0.1335,0.285462770487772,0.026511110889669,0.4325,0.2655,1
0.1335,0.415871813621056,0.032464870712559,0.1235,0.402197672676665,0.031602989387464,0.4545,0.266,1
0.1335,0.347330479061409,0.026082544878708,0.1335,0.357630393536706,0.028252282782353,0.445,0.268,1
0.1285,0.338556014318709,0.024201465586395,0.129,0.401394687797008,0.033389670431397,0.459,0.2555,1
0.1335,0.279331872198342,0.022635277635191,0.1335,0.303403173511951,0.030116127899663,0.4665,0.2665,1
0.1255,0.204486707185455,0.017039262783153,0.1265,0.36774419700773,0.032943753825577,0.462,0.27,1
0.1335,0.204987045263407,0.018152790684831,0.1335,0.348991183581681,0.031763900864495,0.443,0.243,1
0.1335,0.356250783746986,0.028016391461252,0.1235,0.425406323610914,0.03431430385585,0.478,0.266,1
0.1335,0.278006062083443,0.021705342323194,0.1335,0.369956994396541,0.02974252729192,0.4515,0.2535,1
0.133,0.329345832905475,0.025210804934816,0.1335,0.361578237938889,0.030942576968216,0.4585,0.2585,1
0.1335,0.349338968660168,0.026167352527177,0.12,0.152946744584187,0.010414711400215,0.103,0.22,1
0.1335,0.421801873237731,0.0309545800322,0.1335,0.369139191029802,0.02913790173707,0.251,0.461,1
0.1245,0.397745904892889,0.029537768184769,0.1335,0.294343950094763,0.024579140796379,0.264,0.437,1
0.1335,0.36511417162151,0.030162166510538,0.133,0.250965314419471,0.022544518593933,0.244,0.4535,1
0.1335,0.302996725740018,0.031186537922673,0.1335,0.388022822714586,0.02824239591977,0.2615,0.4155,1
0.128,0.303535361325865,0.027909847935874,0.1335,0.333784599663178,0.026898386189352,0.2635,0.4295,1
0.1335,0.314999462091599,0.031299351948436,0.1335,0.336112246866361,0.02859326123183,0.234,0.451,1
0.1335,0.381597309072378,0.031972922914024,0.1305,0.309503786687924,0.026155672260986,0.244,0.4575,1
0.1335,0.305583279414166,0.027140332324148,0.085,0.229511262056567,0.014450279576663,0.163,0.577,1
0.1335,0.313110988185193,0.028153747422258,0.1335,0.279466911812917,0.025645064676187,0.2355,0.4655,1
0.1335,0.295352864372596,0.027013997124172,0.128,0.217647709499325,0.020100952969825,0.2575,0.442,1
0.1335,0.358580234145689,0.031847245880879,0.1325,0.244461022479596,0.020248784550467,0.233,0.476,1
0.1335,0.312384728895557,0.029378977208574,0.1335,0.281785245844712,0.02290876110483,0.2585,0.45,1
0.1335,0.286615806158591,0.026111592997305,0.133,0.424761664681048,0.033476238694488,0.2385,0.494,1
0.6855,0.492235388699177,0.04113773952095,0.555,0.163428377822649,0.019564583227947,0.894,13.0665,1
0.1015,0.214504042584371,0.015988495091274,0.108,0.224642650372166,0.0139149638933,0.1545,0.536,1
0.1075,0.214795452478905,0.01483794138884,0.104,0.352766628761854,0.01939865912122,0.1715,0.7085,1
0.1065,0.25249635741587,0.017220380856906,0.1035,0.325512676236235,0.018725797922278,0.1755,0.6295,1
0.1055,0.270910075805369,0.01866004793213,0.105,0.274759981042316,0.015414419353833,0.1675,0.3135,1
0.1055,0.199326786262988,0.016051174525488,0.104,0.264612164592195,0.014686222471566,0.2135,0.9175,1
0.1085,0.39380898236736,0.02676070702755,0.1065,0.321116688015233,0.018818121007498,0.173,0.1225,1
0.1085,0.294320279850272,0.017972164548063,0.1085,0.17855558884268,0.010580556085514,0.1075,0.9965,1
0.1085,0.500117404779262,0.033361943218483,0.1085,0.226534244032879,0.0148663111677,0.169,0.4885,1
0.0925,0.212143896724478,0.012933790054904,0.1085,0.216719143098769,0.012946821118837,0.1505,0.358,1
0.1085,0.205387193894922,0.016835145803883,0.0735,0.206138428473598,0.009899385137297,0.568,0.231,1
0.1085,0.216653072710697,0.013448999957996,0.104,0.266598752464265,0.017449745134089,0.5195,0.16,1
0.1085,0.24783550027782,0.015722683669967,0.1035,0.234768948551499,0.017215680648881,0.433,0.148,1
0.1055,0.225569538065041,0.013217428638373,0.106,0.336536076108751,0.022130208801943,0.5285,0.1585,1
0.108,0.291922206942627,0.01809854342305,0.105,0.292519112515094,0.020974762538809,0.506,0.1415,1
0.0985,0.306809062158388,0.017432920892117,0.1045,0.292698673658916,0.019048366514338,0.587,0.1575,1
0.1415,0.311669848214374,0.030124022245418,0.1415,0.117709975080006,0.009754690637499,0.1675,0.6315,0
0.1415,0.255209080313983,0.027152053695175,0.1415,0.104695575827742,0.010068373354214,0.177,0.6195,0
0.1415,0.271381695176672,0.025719641066179,0.1285,0.098428827494385,0.007881377228181,0.19,0.6235,0
0.1415,0.257963397441778,0.025369124581813,0.139,0.094758110833938,0.008473430754672,0.1885,0.6145,0
0.1415,0.261218987152612,0.026138876542497,0.1415,0.25602391747174,0.026318292235967,0.9545,0.174,0
0.1285,0.324698573742192,0.026039639873446,0.1285,0.30846898043026,0.022211302134475,0.1975,0.586,0
0.1285,0.282757564110635,0.022685600211862,0.1285,0.332762184144135,0.023598988646592,0.1925,0.602,0
0.1285,0.32413313537378,0.029929724372296,0.1285,0.299536831517991,0.019777739824946,0.203,0.58,0
0.1285,0.291095489744958,0.025541096095387,0.12,0.285491440503778,0.022489869789189,0.2,0.5735,0
0.1235,0.337375692716356,0.027145248315564,0.1285,0.314449942287718,0.02007628300928,0.21,0.5725,0
0.1285,0.369054024714263,0.029272771804151,0.118,0.330944532372502,0.022412657025981,0.207,0.5385,0
0.1285,0.388484234133706,0.032255243582535,0.1125,0.306323374216042,0.020618697659633,0.177,0.5625,0
0.1385,0.341556525943402,0.031715972407318,0.1385,0.424562849227534,0.034247031832436,0.1995,0.8435,0
0.1385,0.415604702610314,0.038085082480785,0.137,0.346064180447405,0.028721230328948,0.205,0.8065,0
0.1385,0.369297607764748,0.031563154408075,0.1385,0.393158564370507,0.034108535242323,0.223,0.801,0
0.1385,0.318822022731103,0.032128023965235,0.1385,0.387634858688946,0.031047693514418,0.2085,0.117,0
0.1165,0.15800659202963,0.012217714178882,0.1385,0.329022749694235,0.031072196266139,0.567,0.24,0
0.1385,0.408258566460871,0.03931660231269,0.1385,0.384405115218065,0.034467849350648,0.7685,0.207,0
0.1385,0.377886202289812,0.028721127531864,0.1385,0.332237843005907,0.028870737362222,0.807,0.209,0
0.1375,0.412025918425512,0.031589566986702,0.1385,0.325966106164535,0.029650146719878,0.8445,0.205,0
0.1385,0.464076553184791,0.034620718911223,0.1385,0.286361617392099,0.026561247495802,0.864,0.204,0
0.1405,0.150376791194973,0.009524219295033,0.1545,0.04894484773443,0.005045936523631,0.66,0.0545,1
0.1545,0.081487164499836,0.006285670709529,0.147,0.053579083700392,0.005348687968724,1.2665,0.1765,1
0.1545,0.053449120082654,0.004465781362576,0.1255,0.073404324904195,0.005749652734486,0.5905,0.562,1
0.1285,0.055978247399576,0.004712574415324,0.1545,0.060766300668697,0.005108251746152,0.1905,0.665,1
0.15,0.053291092057966,0.004998860237505,0.1545,0.058897105302846,0.005648560101455,0.5425,0.171,1
0.148,0.058920603302644,0.005063267714232,0.152,0.077205465523812,0.005706687286318,0.5855,0.58,1
0.1545,0.062148558724257,0.005486934030543,0.1545,0.058652480163137,0.005189380472205,0.1675,0.822,1
0.1485,0.059033606191886,0.004658105734313,0.1435,0.061296267044837,0.005014738056539,0.8255,0.8355,1
0.144,0.054265573159735,0.004554708270597,0.127,0.055368199984109,0.004057128218104,0.4345,0.26,1
0.144,0.074148437742776,0.005649291224128,0.1445,0.05239551463067,0.005266049574712,0.3015,0.3755,1
0.1545,0.058228118231136,0.005204196089748,0.153,0.053443648479673,0.004920984276733,0.517,0.168,1
0.1455,0.071406159371878,0.005495936129191,0.131,0.050864188904639,0.00425189407216,0.5365,0.1455,1
0.1545,0.066916108411783,0.005514131746541,0.1545,0.045680166262615,0.004909849305892,0.5295,0.17,1
0.1335,0.056114524903548,0.004792248145346,0.1485,0.068409348307966,0.005302530295675,0.8385,0.8465,1
0.141,0.057041174142854,0.004618248809335,0.1495,0.063626155014039,0.004893480920052,0.843,0.8235,1
0.1545,0.064796617743761,0.005643500159757,0.1395,0.074166773241254,0.005388850077384,0.7085,0.661,1
0.1545,0.072254151196969,0.005653857951697,0.1545,0.051528651711665,0.005349596467171,0.6275,0.17,1
0.1545,0.056603564377211,0.004768292810559,0.1545,0.060599756937914,0.004940046369943,0.885,0.832,1
0.1545,0.062502122479265,0.004670252283809,0.1545,0.04862857893386,0.004753742671183,0.526,0.148,1
0.137,0.064672140713229,0.004630474547681,0.1045,0.055156727745509,0.00379578344645,0.597,0.157,1
0.1545,0.067269234919073,0.005015240662491,0.1545,0.057533520305981,0.005145611919082,0.5225,0.161,1
0.1525,0.054928273182878,0.004796797095967,0.152,0.060758938778187,0.005090473931298,0.535,0.1525,1
0.1035,0.29204649437215,0.022241451634347,0.0805,0.113293323099675,0.008192864334657,0.1405,0.292,1
0.106,0.157281194388481,0.01141845824228,0.1065,0.339883307388697,0.025712084945847,0.1325,0.7155,1
0.103,0.231086122482689,0.019854390018602,0.1065,0.157538289884249,0.012801647800486,0.1415,0.532,1
0.1035,0.228412815626675,0.017087605841052,0.096,0.279381379286679,0.018478561069419,0.72,0.1925,1
0.091,0.163361099623773,0.010165862671749,0.093,0.237223521060497,0.014841738951307,0.3065,0.199,1
0.0825,0.150534155472093,0.010108615998779,0.0935,0.354100512618701,0.02568817590925,0.5435,0.5895,1
0.1065,0.250554486108123,0.021183807629529,0.1065,0.319365745087338,0.027343573836364,0.734,0.567,1
0.0905,0.261060040705161,0.018251625222265,0.094,0.168086485724993,0.011218588610707,0.194,0.3715,1
0.0995,0.26811124237166,0.018891291364389,0.1065,0.144545707543375,0.010339571865687,0.1635,0.1555,1
0.104,0.133675724289694,0.010351546836786,0.1065,0.262766375503105,0.022035666149267,0.1225,0.1575,1
0.1065,0.459115646654757,0.034698590358279,0.106,0.218106157583421,0.013996712214899,0.1625,0.451,0
0.1065,0.563438540729632,0.045540452439831,0.1055,0.235155286801018,0.015776938994586,0.157,0.507,0
0.1065,0.507325775389392,0.043462192634925,0.1065,0.200374902574381,0.016372272110896,0.164,0.4785,0
0.1065,0.432074585233321,0.033331331158141,0.095,0.188137160551837,0.01102282011244,0.1615,0.5005,0
0.1065,0.384863734681233,0.032841136266506,0.106,0.245776643673859,0.015935359740442,0.1565,0.478,0
0.1065,0.351083187416919,0.028959198059526,0.105,0.18096820508355,0.011774465676819,0.1565,0.4695,0
0.1065,0.350521121631103,0.025858992174285,0.105,0.21079712537111,0.013111591100338,0.1605,0.4495,0
0.1065,0.319625615790558,0.023614741391599,0.105,0.191301962681231,0.013454808850622,0.1525,0.4395,0
0.1065,0.310683558906086,0.022767714263684,0.1065,0.299836748575557,0.017532274004889,0.153,0.4425,0
0.1065,0.307505269929381,0.021552691434474,0.1055,0.196034074819273,0.013586589126033,0.152,0.4255,0
0.1065,0.314661591501385,0.021831460460255,0.103,0.215900242982206,0.013977404381074,0.162,0.4005,0
0.1065,0.330609842840472,0.024415385266473,0.103,0.2076123176285,0.012999830033603,0.161,0.3985,0
0.1065,0.308751235416963,0.022375219492409,0.0945,0.253326286519626,0.01517785852299,0.1635,0.412,0
0.1065,0.376654714584483,0.025349865602453,0.094,0.232466059190606,0.014980568052667,0.167,0.4355,0
0.1065,0.409464111550032,0.029947074918006,0.1045,0.222846341868113,0.015142833217352,0.1565,0.462,0
0.1155,0.265981822834777,0.01551860916578,0.1155,0.311385441069816,0.017982577481154,0.088,1.158,0
0.1155,0.388414666872027,0.028587121869304,0.1155,0.427121840621327,0.030474068764341,0.643,0.659,0
0.1145,0.39397652486792,0.028118485016121,0.1155,0.469914541983733,0.032850412865039,0.6585,0.682,0
0.1155,0.494864275482488,0.033678246941072,0.1155,0.466754387947487,0.03174737531103,0.6875,0.121,0
0.107,0.214063137210377,0.012966798534723,0.1155,0.482061253059777,0.033373253475581,0.4655,0.1285,0
0.103,0.20084008858163,0.012582947981397,0.1105,0.467289439203505,0.030679878395205,0.479,0.122,0
0.109,0.173257005186241,0.011186169801934,0.1155,0.485210223541386,0.034445870651965,0.4595,0.1345,0
0.1085,0.182580365304246,0.011854059960135,0.1155,0.444115891300334,0.030057402998235,0.44,0.6535,0
0.1155,0.46149409424495,0.030829060647384,0.0935,0.195952372113789,0.011377843257464,0.1375,0.412,0
0.1155,0.493510401145953,0.03219921378981,0.1155,0.247470487659698,0.015998482054013,0.1245,0.394,0
0.1155,0.464167887402354,0.032139989430527,0.1155,0.229725563111608,0.016112759893387,0.1215,0.3805,0
0.1155,0.538708482670148,0.035508354446693,0.1155,0.271097850034452,0.0191041539895,0.1175,0.371,0
0.1225,0.336283183954821,0.025421777597693,0.11,0.247428662094103,0.015178280088268,0.17,0.5935,0
0.1225,0.353840728992651,0.028374911964462,0.1225,0.24936583932863,0.016777704587211,0.1655,0.588,0
0.1225,0.380014889384202,0.028928981043614,0.1225,0.266131545783752,0.016741396995272,0.1625,0.6065,0
0.1225,0.387035168087405,0.027989060560447,0.1225,0.271057771449965,0.017027165409252,0.165,0.6075,0
0.1225,0.34428124566852,0.025081232197882,0.114,0.247702577099723,0.014782365411299,0.1625,0.633,0
0.1225,0.341325629742858,0.024248925337294,0.1225,0.243607677001942,0.016947161669768,0.167,0.6335,0
0.1225,0.360821872875107,0.027235826732959,0.1225,0.23723604302898,0.016508399174863,0.1765,0.6395,0
0.1225,0.318350433865647,0.024056252385097,0.1225,0.298795981018189,0.02014991150345,0.1795,0.6505,0
0.1225,0.332647131965368,0.026044820944721,0.1225,0.282765580035455,0.019710110003574,0.183,0.654,0
0.1225,0.309560882808535,0.024812477064228,0.1225,0.281792903561533,0.018524548116848,0.1785,0.6615,0
0.1755,0.490296012203338,0.033445916025929,0.171,0.498729423468241,0.031918434291774,0.41,0.41,0
0.1755,0.604261915263437,0.03978510073765,0.1755,0.531193224981005,0.035645100465305,0.409,0.4065,0
0.1755,0.612189447813193,0.03927951023846,0.1755,0.427774949043252,0.028244727766469,0.403,0.3995,0
0.1755,0.53723641575946,0.03576981633734,0.173,0.474330465248034,0.03353033679405,0.3965,0.4,0
0.1545,0.505606852149322,0.033438190103614,0.1625,0.498457769979983,0.033348098934026,0.42,0.4155,0
0.174,0.533302533295716,0.036974390737817,0.1755,0.430489501544968,0.030431112566654,0.412,0.42,0
0.1705,0.401972767739703,0.028385410233069,0.1665,0.515648687467599,0.035921751246186,0.4355,0.4515,0
0.0945,0.121845315813145,0.007154894951434,0.0945,0.115989450322017,0.00751875699851,0.3035,0.153,0
0.0945,0.22385826700982,0.013177744689581,0.0945,0.330238207023987,0.019866108024926,0.32,0.7445,0
0.0945,0.163185357444797,0.008695509765016,0.0945,0.254041472605954,0.016514020379402,0.618,0.15,0
0.0945,0.11144220772853,0.007132474441509,0.0945,0.178636466110494,0.011736950612655,0.2915,0.1475,0
0.0945,0.11099130594895,0.006541698112662,0.0945,0.184406646959807,0.011839131532112,0.3035,0.1505,0
0.0945,0.136344509914593,0.008014710662212,0.0945,0.204800172579802,0.012566581895464,0.309,0.159,0
0.0945,0.128215912225596,0.007770108078009,0.0945,0.22619985219759,0.014313031503507,0.3305,0.148,0
0.0945,0.152743043278183,0.009426636315876,0.0945,0.221719988552357,0.014997265161226,0.3305,0.1525,0
0.0945,0.144899921133612,0.00907594406795,0.0945,0.183795467470177,0.012134801882911,0.337,0.1495,0
0.0945,0.135870436360781,0.00816237043868,0.0945,0.180813696054993,0.011289817077661,0.3355,0.1615,0
0.0945,0.118072292966544,0.007571396515885,0.0945,0.167499969481046,0.011060730515794,0.3235,0.1565,0
0.0945,0.105653702503596,0.006611454682553,0.0945,0.142159554565633,0.009681537897166,0.316,0.1575,0
0.0945,0.114281280219384,0.007332183590644,0.0945,0.222412837698286,0.014749234566004,0.313,0.145,0
0.0945,0.137104258516736,0.008990940901867,0.0945,0.182024919876517,0.012213047876976,0.2985,0.1355,0
0.0945,0.124277564030812,0.008476599066116,0.0945,0.209172615694825,0.013251827874833,0.29,0.1515,0
0.0945,0.119706574283378,0.00788912152415,0.0945,0.167598906081022,0.010100693207224,0.2765,0.158,0
0.1065,0.332695621787766,0.018886379073563,0.109,0.357623867809218,0.020678688194878,0.475,1.5295,0
0.1095,0.157719277750146,0.013981412659107,0.1095,0.363806030510822,0.022248860038167,0.203,0.49,0
0.1095,0.157471246352131,0.01378330131221,0.1095,0.376422337805864,0.021676625554936,0.167,0.417,0
0.1095,0.212980759875666,0.017644049232144,0.1095,0.328366627260042,0.01943119578732,0.1905,0.399,0
0.1095,0.237443161739989,0.018748882287402,0.1095,0.338651954942178,0.020850638500446,0.18,0.386,0
0.1095,0.232534135422417,0.019027524654765,0.104,0.326538945075927,0.018927920370171,0.1745,0.4025,0
0.1095,0.241152153937258,0.018980562684636,0.0975,0.315409969673504,0.017886773482504,0.1505,0.385,0
0.1095,0.288887241790108,0.022091532621619,0.1045,0.299399516676374,0.017351154307017,0.1445,0.377,0
0.1055,0.244824901978475,0.017791268144861,0.097,0.26998091487044,0.015590661916522,0.152,0.37,0
0.1045,0.233062888335697,0.01650580765425,0.105,0.305297688424405,0.017819249291081,0.1455,0.3545,0
0.1095,0.25876014268838,0.019913400511349,0.1065,0.292213217825866,0.017729558549218,0.149,0.3485,0
0.1095,0.244548503470815,0.018771335161635,0.1095,0.283722684421155,0.018325296125875,0.1575,0.3345,0
0.114,0.298776590910012,0.023966843102703,0.115,0.384371086950649,0.021153638661203,0.2115,0.5925,1
0.1135,0.296974413992324,0.024214918170885,0.1165,0.34743795702693,0.018840691745076,0.2,0.6075,1
0.1145,0.327516764258201,0.024584787351133,0.1255,0.376302378013278,0.021007672769846,0.198,0.5825,1
0.1135,0.347393514533422,0.024085278705898,0.1155,0.365681291744301,0.020119333011475,0.224,0.6,1
0.1135,0.298559621713142,0.024865003440634,0.1185,0.274543818830151,0.016785716115315,0.164,0.602,1
0.1135,0.321439721497329,0.022148681072712,0.117,0.338681331719827,0.019672041862497,0.1965,0.596,1
0.115,0.300764192049661,0.021921455502643,0.12,0.304593313561503,0.020076274335903,0.1945,0.6015,1
0.113,0.341985734582847,0.028008677486763,0.1265,0.309356677136811,0.018396955792291,0.182,0.59,1
0.0835,0.447230961097078,0.025624964635095,0.0835,0.264197161330585,0.015855609995757,0.185,0.244,1
0.0835,0.345121090189504,0.020831991647587,0.0825,0.236385307446277,0.013496341454795,0.1865,0.126,1
0.0835,0.529787760857247,0.03154195334153,0.0835,0.274523062568381,0.01554875091301,0.138,0.264,1
0.0835,0.464537983598947,0.026900077910716,0.0835,0.247768296754367,0.014345839704187,0.1815,0.194,1
0.0835,0.347260182909657,0.021487961617764,0.0835,0.320866274546823,0.017174638192748,0.166,0.177,1
0.0835,0.364012228111123,0.024325039491786,0.0835,0.338287190634087,0.018028253159397,0.1625,0.136,1
0.077,0.38903957782064,0.022562044886721,0.0835,0.32917943798329,0.017739555983563,0.1625,0.2935,1
0.0835,0.423283443630402,0.025235022826924,0.0835,0.28813292261629,0.016325325122576,0.1845,0.2655,1
0.0835,0.361645346330295,0.022054247774358,0.0835,0.246169878248632,0.014332941699943,0.173,0.346,1
0.0835,0.289009151576908,0.016231255649188,0.082,0.238497878246153,0.013993916444446,0.1895,0.3005,1
0.0835,0.303804246669576,0.018614602465415,0.0835,0.232038514514487,0.013881267643001,0.1895,0.2725,1
0.0835,0.328070762998977,0.01884181965609,0.0835,0.231346212018525,0.01385372489125,0.191,0.2425,1
0.0835,0.324333403667431,0.021041960746753,0.0835,0.312607368168152,0.017184717544314,0.178,0.269,1
0.1045,0.283689593421107,0.01867880620487,0.122,0.329096893159146,0.021423848095055,0.1875,0.678,0
0.1235,0.231070975512447,0.018293307474824,0.116,0.350732665239957,0.025724648525304,0.184,0.7305,0
0.1215,0.173848463558102,0.015413765486054,0.1235,0.389557667850633,0.0275772288455,0.1735,0.656,0
0.1235,0.260393423200324,0.018931352531032,0.118,0.303039259426263,0.02110620015228,0.198,0.6455,0
0.1235,0.296579013544555,0.021815985856163,0.1235,0.38792852798449,0.02699758713044,0.203,0.6285,0
0.1085,0.247868953516262,0.016217762631727,0.1235,0.366128383017557,0.025369102142693,0.2095,0.5885,0
0.1235,0.228687631085856,0.020103192303646,0.1235,0.350967460894651,0.026367669882176,0.192,0.5685,0
0.1235,0.222969941494212,0.016958097697398,0.1065,0.330920894463699,0.020911409667442,0.2045,0.5495,0
0.1235,0.228282754920543,0.016451943361081,0.1195,0.378095023587346,0.02510087500138,0.193,0.524,0
0.1075,0.287616266257386,0.018866645230732,0.1235,0.347826940561236,0.024628765395497,0.208,0.549,0
0.1165,0.237006919914247,0.016593328521008,0.1235,0.368925376285789,0.028100665588316,0.2015,0.301,0
0.106,0.255938372997733,0.019388186547903,0.118,0.167980519969681,0.009887808889779,0.7055,1.2705,1
0.1265,0.271283267883614,0.025875148751482,0.1265,0.179123507259772,0.012310084746549,0.193,0.432,1
0.109,0.199959863497937,0.013717724373791,0.1205,0.163686980763524,0.011975512939282,0.2485,0.395,1
0.1015,0.202009862013018,0.013797176798081,0.1195,0.141736885955666,0.009941600331534,0.252,0.4355,1
0.109,0.216510044748657,0.013862550406872,0.116,0.140052231748593,0.009739861021456,0.238,0.4865,1
0.1265,0.33100104986191,0.027782852841227,0.126,0.155996798890028,0.011136552611838,0.1795,0.4905,1
0.1265,0.23870312384935,0.021411414330028,0.1185,0.194813048855744,0.014382141718047,0.205,0.4305,1
0.1215,0.18760634528863,0.015475952581068,0.1175,0.225243649968074,0.015720761024533,0.241,0.3865,1
0.103,0.174758649795792,0.012304688891919,0.1265,0.124960835108147,0.008768714602056,0.253,0.399,1
0.118,0.207139028312534,0.015752262646484,0.1165,0.176168385992693,0.012159871168889,0.234,0.431,1
0.1045,0.203253551244489,0.01279090323363,0.1125,0.165811898030712,0.010729426999992,0.2375,0.481,1
0.1265,0.27693220851835,0.0255766613021,0.119,0.184362040648885,0.01387033655557,0.182,0.4805,1
0.1265,0.273332944460366,0.023990809555567,0.123,0.194827853088276,0.014964796944401,0.201,0.4775,1
0.1265,0.29547754702009,0.027259942310437,0.1235,0.171217950057192,0.011018133477675,0.1985,0.4225,1
0.1125,0.193257395511503,0.013018373433345,0.1255,0.134320040640814,0.009385726053542,0.2525,0.3895,1
0.1255,0.200933769534763,0.017302330187782,0.1265,0.119478613837478,0.00888307776944,0.228,0.431,1
0.108,0.214246668023343,0.015461147608566,0.1265,0.221157223548695,0.015657632570315,0.232,0.4505,1
0.103,0.195325160088312,0.012763365081164,0.1135,0.141460456960533,0.008700653067858,0.238,0.497,1
0.1265,0.29337701382697,0.024712616622855,0.1265,0.17437088463339,0.012629761968842,0.1845,0.4875,1
0.1265,0.182917674104808,0.017129136459077,0.1265,0.191109060723585,0.012182222992355,0.1965,0.414,1
0.1105,0.186223251465939,0.013414877186022,0.1265,0.2280484139458,0.01588877064935,0.2485,0.42,1
0.1265,0.184220761870052,0.019413989390382,0.125,0.138610020747305,0.009627582853009,0.1765,0.379,1
0.1265,0.232166981375893,0.020959037720161,0.1125,0.14143989782571,0.009767212421871,0.2315,0.4065,1
0.1085,0.202949728218739,0.013455532270815,0.1175,0.14218114594235,0.009527941964286,0.2355,0.4695,1
0.1265,0.331012805948926,0.027134546201598,0.115,0.151866571203213,0.010066712128737,0.187,0.471,1
0.1265,0.176402633177318,0.016892664848865,0.1265,0.220296053554313,0.014598817765727,0.202,0.401,1
0.1125,0.169912542562667,0.013508382042115,0.125,0.215935201785456,0.01470944584538,0.2465,0.356,1
0.1005,0.182550392221867,0.012223807120955,0.1265,0.157605998576908,0.011201473025837,0.251,0.363,1
0.1265,0.193676557264697,0.017722680107696,0.124,0.172013677639054,0.011957892744284,0.2135,0.4845,1
0.1715,0.60440570214935,0.042777057509223,0.14,0.237502827129578,0.014623248347736,0.194,0.5595,0
0.1715,0.629016701339574,0.044103611704204,0.1445,0.383914565425883,0.029099255970957,0.9695,0.995,0
0.1715,0.578911726869827,0.041102536772974,0.1625,0.559185629368958,0.039853428154828,0.998,0.201,0
0.151,0.194212346377001,0.013841659592746,0.165,0.48477646087478,0.03630949067953,0.6505,0.194,0
0.158,0.189542992574917,0.014121721827383,0.1715,0.557184706572253,0.036998087506918,0.6285,0.9115,0
0.1715,0.456444267342898,0.032842763054873,0.1085,0.190041684088483,0.01091260928608,0.2155,0.6385,0
0.1665,0.468270806686767,0.031707763291461,0.169,0.198243825868561,0.013246627713165,0.1915,0.5945,0
0.0905,0.164506752803027,0.011492228752863,0.0905,0.210902331866762,0.013172734019719,0.176,0.366,0
0.0905,0.190632018597965,0.012891874216179,0.0905,0.219405915613669,0.013641360887369,0.164,0.3695,0
0.0905,0.137900619504598,0.011138530601464,0.0905,0.191248290413635,0.013019332127879,0.1645,0.1355,0
0.0905,0.089062330824188,0.006442558819072,0.0795,0.137429650296624,0.009380978912949,0.155,0.1615,0
0.0905,0.172200045477253,0.011093488018187,0.0905,0.130133590221912,0.009776482859918,0.3435,0.185,0
0.0905,0.224434851788613,0.014411174909909,0.0905,0.124342784345898,0.009796064229691,0.3565,0.1625,0
0.0905,0.22652249929067,0.014182152231653,0.0905,0.140438228739531,0.011019263624525,0.3315,0.168,0
0.0905,0.207319048582994,0.014144776648435,0.0905,0.163169908255611,0.012291663761598,0.3235,0.1675,0
0.0905,0.209093980636822,0.013566624010245,0.0905,0.153547039305649,0.010950483553973,0.3085,0.182,0
0.089,0.199658149608867,0.012866970108907,0.0905,0.145697118223909,0.010663834593935,0.3345,0.1645,0
0.1315,0.398125048142267,0.03427417933516,0.1315,0.286017950117103,0.020384038623617,0.204,0.624,0
0.1315,0.316442617366727,0.026675829089697,0.1315,0.311967995459855,0.022071052011595,0.2045,0.632,0
0.1315,0.288916269145307,0.024172536566014,0.1295,0.305061487288946,0.019263511021436,0.196,0.605,0
0.1315,0.30938048095706,0.023966223720295,0.1315,0.276023067608346,0.020120083977568,0.199,0.6,0
0.1315,0.315459042141862,0.02818596271701,0.1295,0.25354594037737,0.018341680704814,0.206,0.6125,0
0.1315,0.26472150149361,0.023839134949906,0.1315,0.240786859195838,0.015227140778745,0.1705,0.5735,0
0.1315,0.407537817393983,0.030779172059298,0.1315,0.251120844353138,0.018329440131206,0.2015,0.5245,0
0.1355,0.316023351798363,0.020946590064422,0.1275,0.296802713095288,0.018499599169656,0.225,0.49,1
0.1355,0.335364893457199,0.023303079319509,0.1355,0.428467097585659,0.028976068928138,0.216,0.5,1
0.133,0.326320144132492,0.022717334403823,0.1265,0.394660461966674,0.024768030102099,0.2175,0.5075,1
0.1355,0.341379534345995,0.023361967377618,0.1145,0.244441477692173,0.015821110013697,0.2215,0.5115,1
0.1355,0.319306357933478,0.023773557382958,0.1195,0.351976152409741,0.020788798982319,0.223,0.516,1
0.1355,0.356467796712144,0.025359569616861,0.1295,0.343874340620788,0.02144352648576,0.215,0.5125,1
0.1355,0.318399470562556,0.02223444006393,0.1295,0.445523390249575,0.027476208640483,0.2155,0.5175,1
0.1355,0.257333216128441,0.019953694837077,0.1355,0.385119281127999,0.024074275458546,0.2285,0.5105,1
0.128,0.342930377448958,0.022478123051459,0.1245,0.414771935663613,0.024781430208256,0.225,0.5365,1
0.1305,0.393306379560073,0.027437060794426,0.1355,0.498449185625967,0.031651104912858,0.218,0.522,1
0.134,0.275425475025914,0.021122140742851,0.1325,0.266192978376835,0.018302024285519,0.2275,0.4775,1
0.1315,0.362582594497935,0.025235516117821,0.1245,0.304175189282301,0.020016535808496,0.243,0.5025,1
0.1245,0.351031524622248,0.025371147227648,0.1355,0.424789270768956,0.026938796074962,0.2175,0.5075,1
0.1355,0.373518390906512,0.025956524280488,0.126,0.377559329356406,0.023054114439892,0.218,0.509,1
0.1355,0.365589371764358,0.025657282124301,0.12,0.384771476641748,0.023699043419143,0.2375,0.498,1
0.1355,0.337918653135766,0.02395061036935,0.131,0.374875082527781,0.025345687187563,0.226,0.5165,1
0.1305,0.282263012201014,0.023626331966808,0.117,0.338127946235396,0.021430303257184,0.242,0.4885,1
0.127,0.377922648576218,0.02642782324628,0.0965,0.274691588490095,0.016907926526559,0.247,0.5115,1
0.1355,0.290684749989845,0.020983372601592,0.116,0.361515098263401,0.022219967473072,0.2295,0.474,1
0.1115,0.278550019445213,0.018976848323529,0.1115,0.343289271994568,0.021214563972355,0.4475,0.565,0
0.1115,0.45723563013823,0.025618750829024,0.111,0.18109472716173,0.010634624796693,1.052,0.405,0
0.1115,0.499905104848594,0.037985668794918,0.108,0.192678412627624,0.012080409395165,0.1435,0.41,0
0.1115,0.510349645983128,0.038501890962766,0.094,0.184832393629245,0.011777081406217,0.154,0.413,0
0.1115,0.520919181251453,0.039816595206164,0.111,0.1853303988291,0.012238363963567,0.157,0.395,0
0.1115,0.468048226072181,0.035715131967619,0.1,0.161772196766355,0.010093292547753,0.1595,0.408,0
0.1115,0.448118540379767,0.033678317879595,0.1115,0.200075684512389,0.012497943407191,0.1545,0.4065,0
0.1115,0.504223457331873,0.037705388551171,0.1115,0.182644572995523,0.012543582562078,0.1665,0.401,0
0.1115,0.473135699798444,0.035331878467185,0.1065,0.177322541933975,0.01106834296049,0.156,0.4125,0
0.1115,0.491681487602613,0.037220078841812,0.09,0.177918356819143,0.010308210704326,0.164,0.414,0
0.1115,0.474141202579817,0.035268879750116,0.097,0.196829178385628,0.0117647146772,0.1555,0.425,0
0.1115,0.493735492274898,0.036930266050777,0.0945,0.161160144743377,0.009718755553919,0.157,0.4175,0
0.1115,0.413774677631548,0.031596496964114,0.103,0.18451011991099,0.01130815870602,0.161,0.4135,0
0.1115,0.505808093119431,0.038061624630397,0.1115,0.211442369017763,0.014709454956201,0.164,0.405,0
0.1115,0.465665215360279,0.036776966708981,0.1115,0.190637050008963,0.013246832736302,0.159,0.4035,0
0.0935,0.171719957430648,0.009979374758254,0.0935,0.280067738820336,0.017892182623046,0.149,0.274,1
0.0935,0.373933607602091,0.023206177485638,0.0935,0.295456479650471,0.018355063988358,1.3725,0.157,1
0.0935,0.166510428097578,0.011136558624044,0.0935,0.294119015850756,0.018979987772325,0.2845,0.1575,1
0.0935,0.15626871132756,0.0100383483039,0.0935,0.276776090873481,0.018398175159743,0.282,0.148,1
0.0915,0.170357900725023,0.010497424906648,0.0935,0.386116664560386,0.0237202845061,0.2925,0.152,1
0.093,0.169403176256963,0.011232260968712,0.0935,0.334380277264843,0.020895158796357,0.2985,0.1665,1
0.0935,0.15896383329613,0.011159759706886,0.0935,0.283489361910996,0.017983917464263,0.28,0.1455,1
0.0935,0.158393186501394,0.009589215980559,0.0935,0.27554125461982,0.018681635072646,0.293,0.162,1
0.0935,0.16480835711869,0.011628260777556,0.0935,0.353796875109205,0.021678626079564,0.276,0.152,1
0.0935,0.146929266179941,0.009127362308675,0.0935,0.385473312382259,0.023042871435842,0.296,0.1835,1
0.0935,0.155782653302411,0.010713033787021,0.0935,0.301181949417032,0.018889991137669,0.2615,0.156,1
0.0825,0.143352051922608,0.008640126305164,0.0935,0.28865999715269,0.020552432394692,0.2965,0.164,1
0.0935,0.148930091500408,0.010128497585387,0.0935,0.326877188612793,0.020794290375921,0.274,0.1505,1
0.0935,0.163642542644244,0.010644598338365,0.0935,0.311861323726715,0.01986778889822,0.3015,0.1655,1
0.0935,0.15901558252238,0.011178851102217,0.0935,0.310932891389322,0.019694442182641,0.27,0.1585,1
0.0935,0.147450003073692,0.010125367811688,0.0935,0.332612841484754,0.021569915314136,0.283,0.168,1
0.0935,0.192925167011785,0.013753659763584,0.0935,0.355790628334567,0.021957535056957,0.2745,0.185,1
0.0935,0.157810926170107,0.012780352515206,0.0935,0.35651918249799,0.022140084445825,0.263,0.1665,1
0.0935,0.169426915911853,0.011339458587798,0.0935,0.316543177634207,0.021007571485278,0.276,0.1565,1
0.086,0.183951379675413,0.011308172288496,0.0935,0.323147324674088,0.021782154407264,0.294,0.167,1
0.0935,0.185735754485665,0.014056958323087,0.0935,0.353788393617339,0.021418287921443,0.2725,0.173,1
0.0935,0.157420339453157,0.011810397862878,0.0935,0.339283366706755,0.0212388439693,0.2785,0.539,1
0.0935,0.281539731093188,0.017672054458691,0.0935,0.159668213357375,0.012403749532613,0.1705,0.2735,1
0.0935,0.299975818295323,0.018735279922036,0.0935,0.160638924995631,0.010908120052634,0.164,0.2775,1
0.0935,0.337142296615691,0.021109347281424,0.0935,0.193350193052274,0.011721234526905,0.152,0.2995,1
0.0935,0.286658285149902,0.017719678580487,0.0935,0.15874315781895,0.011860725177038,0.168,0.2815,1
0.0935,0.309109632091678,0.019404289045277,0.0935,0.287235894862498,0.018030888607708,0.536,0.1495,1
0.0935,0.168690994399498,0.010989589350126,0.0935,0.265669970392671,0.017835524076159,0.2985,0.159,1
0.0935,0.177458372934924,0.011137267433537,0.0935,0.34752822534024,0.021750944389408,0.2825,0.1675,1
0.0935,0.154451773728533,0.010624668499156,0.0935,0.338058426159128,0.019927316459308,0.28,0.159,1
0.0865,0.142865648835979,0.009145754533374,0.0935,0.29316409034799,0.018438517428278,0.302,0.161,1
0.0935,0.162322720494738,0.01078928310508,0.0935,0.297256363676084,0.018730582992423,0.275,0.1665,1
0.076,0.155786359352684,0.00958675194821,0.0935,0.33565305148573,0.021427174381955,0.299,0.165,1
0.0935,0.199890734441831,0.014282703769308,0.0935,0.31807552588477,0.020034498621297,0.2845,0.172,1
0.0935,0.142199981143218,0.011374843232528,0.0935,0.310400543541251,0.019444211717742,0.279,0.1665,1
0.0935,0.168473831517858,0.011559449460783,0.0935,0.317564392361538,0.020335667502154,0.2805,0.163,1
0.0775,0.148219659244028,0.008634460265268,0.0935,0.314596013896688,0.021116063377497,0.302,0.1495,1
0.0935,0.182924210405579,0.011848081815389,0.0935,0.355423789535615,0.021238977265369,0.2955,0.5475,1
0.0935,0.267289757325536,0.016567268760575,0.0935,0.150075880643935,0.011017245494585,0.172,0.278,1
0.0935,0.300559166721761,0.020527544219246,0.0935,0.159239386537647,0.010665632589332,0.16,0.285,1
0.0935,0.379743839571011,0.023104154589368,0.0935,0.163752611213996,0.010449858444142,0.1595,0.2925,1
0.0935,0.326914040795088,0.019476367642765,0.0935,0.293229386879169,0.019091234200541,0.5465,0.1645,1
0.0785,0.157756788252772,0.009601641619041,0.0935,0.372506828073117,0.022778591262792,0.299,0.168,1
0.0935,0.161633834940451,0.012428617402133,0.0935,0.312362114501662,0.019532226841693,0.285,0.171,1
0.0935,0.21769007652059,0.015646950895244,0.0935,0.298323893065701,0.020407333092376,0.2805,0.1635,1
0.0935,0.149177009776024,0.009696677041818,0.0905,0.470794040690022,0.027392772191999,0.4705,0.3605,1
0.0935,0.253825590141524,0.015947726335827,0.0935,0.18785542213741,0.013154916462029,0.1625,0.287,1
0.0935,0.277570920978876,0.019266931770617,0.0935,0.169369685721512,0.010338069314211,0.1495,0.2985,1
0.0935,0.357544262076206,0.021319020465782,0.0795,0.183894774071368,0.011357602124503,0.166,0.2995,1
0.0935,0.267954793087545,0.016488442399097,0.0935,0.182285199348445,0.012690718028422,0.168,0.281,1
0.0935,0.28682853053399,0.018018216498199,0.091,0.226101449284428,0.013405090265941,0.1575,0.2915,1
0.0935,0.27966833356963,0.016751933500805,0.0935,0.185033716972105,0.013165351084322,0.1695,0.281,1
0.0935,0.314464157275587,0.020290005904654,0.093,0.159539112764333,0.010203581974661,0.1545,0.2965,1
0.0935,0.340998134090322,0.020117979109064,0.0935,0.217364203008178,0.014828007979075,0.1635,0.286,1
0.0935,0.325181448671724,0.019847903055601,0.0935,0.156753331767844,0.010057115355313,0.154,0.3005,1
0.0935,0.265057602900748,0.018032507929036,0.0935,0.166962672052105,0.011671414719658,0.166,0.281,1
0.0935,0.350400611882979,0.021293201861172,0.0915,0.180696316798422,0.011335341037926,0.1645,0.2875,1
0.0935,0.299431068891408,0.018189013295331,0.0935,0.175498866459696,0.012505766591032,0.1745,0.2765,1
0.0935,0.3260486015505,0.021075776603802,0.0935,0.178782139837367,0.011290561936175,0.1525,0.2995,1
0.0935,0.321608833324897,0.019315648917546,0.0935,0.169058868079596,0.012228368311781,0.1835,0.2695,1
0.0935,0.297475101875339,0.018929721453433,0.085,0.172431962829308,0.011042705684537,0.162,0.296,1
0.0935,0.350966925788329,0.021480262573569,0.0935,0.172837026355483,0.012321555788922,0.1705,0.28,1
0.0935,0.347107290982779,0.02094702434081,0.092,0.161082192009819,0.010588730401228,0.156,0.2995,1
0.0935,0.302833924225971,0.019323245384715,0.0935,0.14446337555247,0.010787026331641,0.1865,0.275,1
0.0935,0.366699855449134,0.02482118979408,0.0935,0.182134582315566,0.010742111089233,0.3285,0.12,1
0.0935,0.375822029794466,0.02428880288104,0.0935,0.216212959081802,0.0147316919125,0.1525,0.303,1
0.0935,0.282541535823854,0.017883209321151,0.0935,0.18889314768625,0.013588272352446,0.171,0.2885,1
0.0935,0.297686547212913,0.018769801627277,0.0865,0.180324845746864,0.011112110201603,0.1605,0.306,1
0.0935,0.33115815579885,0.02202863127956,0.0935,0.305203552971862,0.018784035165321,0.5545,0.166,1
0.0935,0.172346619546461,0.011754898508515,0.0935,0.283384772188769,0.018136774750314,0.2935,0.164,1
0.141,0.312216269404711,0.019161734520146,0.1995,0.360729778760486,0.022034358642783,0.7385,0.7325,1
0.279,0.375785621662376,0.025925248472052,0.1695,0.40061242481981,0.02380700704775,0.663,0.738,1
0.2115,0.351693047478664,0.022110575301154,0.2025,0.377437722014023,0.023218490629903,0.7625,0.8595,1
0.209,0.364671378611212,0.021952711640096,0.203,0.331458389072923,0.019903758423071,0.863,0.9795,1
0.164,0.345613253646591,0.021691691810153,0.206,0.35329169337939,0.022322852935763,0.9065,0.829,1
0.1275,0.262527656266571,0.020038613782047,0.1275,0.263662040747097,0.016824533705949,0.187,0.619,0
0.1275,0.223454869074816,0.01849805953804,0.1275,0.204112485215248,0.013683298982243,0.187,0.663,0
0.112,0.188927906876602,0.012964955617465,0.1265,0.254541814525347,0.016834207453847,0.1985,0.6355,0
0.118,0.316192842209105,0.022419491726356,0.1245,0.1805383481107,0.015555081997979,0.199,0.629,0
0.1275,0.315004299329443,0.022456930766937,0.1275,0.211438417475261,0.014589007506883,0.188,0.6485,0
0.1275,0.239834306792922,0.017823321616017,0.1275,0.211432401756801,0.014097096516871,0.1745,0.684,0
0.1275,0.193554264120305,0.016284100359372,0.1105,0.189717694246017,0.01172969370754,0.168,0.696,0
0.057,0.250008931844267,0.00963594135198,0.1255,0.210986885735708,0.015130984573758,0.2235,0.589,0
0.1255,0.239208306817071,0.016374131859326,0.123,0.221248102879072,0.015782055694896,0.207,0.6115,0
0.121,0.220712887527137,0.015114948961054,0.1255,0.220302449115631,0.016129274205086,0.2135,0.5965,0
0.1255,0.202274315569101,0.013647203389436,0.1255,0.251561751236899,0.019781781751907,0.215,0.588,0
0.1185,0.221196341579044,0.015616825495669,0.1255,0.22966589649723,0.018368462274623,0.2095,0.594,0
0.118,0.207364080635469,0.013920181055451,0.1255,0.208274104588899,0.018042339127946,0.223,0.571,0
0.124,0.208014420765029,0.014078891378623,0.1255,0.219502730082703,0.018738732643925,0.2185,0.5665,0
0.1245,0.20795995197349,0.015268653656822,0.1255,0.229226870819663,0.018771495141179,0.2165,0.1095,0
0.1225,0.077572250400916,0.00683255051188,0.1205,0.211478565441367,0.014760309784199,0.336,0.2185,0
0.1255,0.216283513342532,0.017402494896823,0.1215,0.199658894931642,0.014326153860962,0.553,0.2215,0
0.1255,0.240734784153271,0.01936060440899,0.116,0.098663047644237,0.006691331166277,0.147,0.268,0
0.1225,0.19805887165155,0.01346175881727,0.1255,0.240664599937995,0.019715502212181,0.2175,0.5545,0
0.125,0.214583725135562,0.014446383011888,0.1255,0.220526336136033,0.01683364985176,0.2145,0.5475,0
0.124,0.177374403184712,0.012117377414149,0.1255,0.219847543973692,0.017615404836834,0.207,0.522,0
0.122,0.179438147038259,0.012555750551846,0.1255,0.221188339449565,0.01946171883468,0.22,0.5355,0
0.1255,0.21485096472425,0.015578146468305,0.1255,0.184829740284692,0.014736468429072,0.223,0.5465,0
0.1255,0.180890788775965,0.013433835816891,0.1255,0.206367059634272,0.015428627032713,0.219,0.5325,0
0.1085,0.405376891558366,0.026252199266824,0.108,0.215698031269612,0.016623453437477,0.1,0.1915,1
0.106,0.332793601915071,0.021395591181314,0.106,0.356329525535654,0.02341352524205,0.363,1.49,1
0.1085,0.339252062398268,0.022315784635252,0.1085,0.147584527469643,0.01139354953739,0.3465,0.1915,1
0.1085,0.314056887707452,0.019944900229092,0.098,0.138713478995565,0.010782577616247,0.348,0.219,1
0.1075,0.285750718934303,0.018928200988263,0.1085,0.140560125573701,0.012093848974166,0.226,0.3015,1
0.1085,0.300722237551094,0.019286105052423,0.1075,0.137341541206527,0.010355062020299,0.368,0.1945,1
0.108,0.328013356151252,0.020274284970387,0.1035,0.17174832889511,0.012596246006561,0.3495,0.209,1
0.1085,0.264118667867191,0.017376677581324,0.0965,0.137461060238128,0.009847320411932,0.333,0.219,1
0.1085,0.267403783603732,0.018749468564187,0.1085,0.204066469523154,0.017158579963604,0.3145,0.2215,1
0.105,0.314292896437505,0.021514399701974,0.106,0.165074211102077,0.013830375662414,0.355,0.185,1
0.1085,0.391345263006319,0.025758585792998,0.1025,0.197323353429419,0.015681837223838,0.3335,0.23,1
0.096,0.325979740336047,0.019257334034287,0.1,0.143706931244448,0.011235080333006,0.3545,0.205,1
0.099,0.27131935085095,0.017985903313008,0.107,0.15289763502868,0.013328884118322,0.357,0.2085,1
0.1085,0.317478939677799,0.028395331764047,0.1015,0.15802017433994,0.011653542215195,0.3335,0.207,1
0.106,0.225366819849783,0.014890618605998,0.1035,0.188833206662058,0.016322857843879,0.424,0.143,1
0.101,0.307628558883992,0.020866766540034,0.105,0.17421676556312,0.013201383040378,0.2295,0.329,1
0.1055,0.330353847663712,0.020782300516043,0.1055,0.413774848543292,0.028546462851501,0.358,0.201,1
0.1085,0.380119140604047,0.02731286909312,0.071,0.165628178474886,0.009616677348033,0.2395,0.3455,1
0.1175,0.148540237405913,0.011190783111055,0.1215,0.079039688551572,0.006459517997073,0.088,1.778,1
0.1215,0.129723112076408,0.009674739688109,0.1175,0.084648845032963,0.005595144076833,0.196,0.6445,1
0.1215,0.092278158438627,0.006820956870811,0.1215,0.151284734770565,0.011516848243641,0.2495,0.1775,1
0.1215,0.084684950507548,0.006495582101825,0.1175,0.133508049055106,0.010218100089596,1.0235,0.1935,1
0.1215,0.089554257345632,0.006757373847441,0.12,0.114458482415265,0.006761047007542,0.548,0.337,1
0.1175,0.139654083924223,0.01130095227057,0.1145,0.096065146651635,0.006358638132945,0.1915,1.0015,1
0.1185,0.102380666536155,0.009052539498134,0.1095,0.095309535982403,0.006556976661776,0.201,1.0225,1
0.093,0.123815334771878,0.007957320956842,0.1215,0.096144171583124,0.007042440018546,0.1925,0.9835,1
0.1195,0.119872834357499,0.00935105962662,0.1215,0.108784647532856,0.007296980969257,0.19,0.9845,1
0.1215,0.113501071327668,0.010018574487067,0.11,0.124310036360225,0.007833155900467,0.1765,0.2755,1
0.1205,0.125621560892429,0.010894416946737,0.07,0.171482503741728,0.009284243589418,0.199,0.288,1
0.1145,0.141088466415403,0.010949619010485,0.1085,0.233537172581428,0.016964574232072,0.2835,0.162,1
0.0645,0.094718637737901,0.005146501291472,0.0915,0.132832151291427,0.008372103849957,0.629,0.2035,1
0.1055,0.16370530667644,0.012042315894319,0.103,0.212224919262783,0.013888698044743,0.161,0.4205,1
0.1055,0.154275580342859,0.011349943682222,0.1055,0.292515500096225,0.018815715566701,0.171,0.401,1
0.1055,0.174377878774067,0.013092653545106,0.1055,0.267524544735031,0.016181126849759,0.1785,0.3815,1
0.1055,0.145003489189344,0.010302179089592,0.105,0.296044224874173,0.018023926164257,0.1775,0.387,1
0.1055,0.180878529186782,0.014572475631414,0.103,0.268494657771982,0.015851824572413,0.18,0.3885,1
0.1055,0.150833006412807,0.011896544974892,0.1055,0.279028110180702,0.017184654694159,0.1745,0.3905,1
0.1055,0.14093480776545,0.010827792944758,0.1055,0.232420705829288,0.015271941097159,0.1765,0.374,1
0.1055,0.15122751879909,0.011735434814613,0.1055,0.237831597049628,0.014800560366248,0.178,0.3735,1
0.1055,0.154494425971556,0.011853061387442,0.1025,0.36126359918896,0.021332691369293,0.1805,0.375,1
0.104,0.145405503818351,0.010210819358418,0.1055,0.280044436967993,0.017215084493637,0.1755,0.3975,1
0.1115,0.304083158661498,0.025013343592675,0.1055,0.473320404833739,0.027727529158117,0.271,0.7535,1
0.116,0.323139777973764,0.026570868745782,0.109,0.42874312120909,0.025866793993955,0.264,0.1065,1
0.113,0.265034665281419,0.016908199821058,0.1115,0.279534684847452,0.025951290568745,0.5305,0.2475,1
0.114,0.460087438350496,0.028026217831992,0.1175,0.272912764938021,0.023402913416711,0.7115,0.2865,1
0.1025,0.475537511529432,0.028703864146466,0.082,0.163759836124095,0.010260432390002,0.4955,0.1375,1
0.071,0.250689033851101,0.013460305872886,0.1115,0.407009570946297,0.027578050613305,0.3195,0.705,1
0.1175,0.311214963875649,0.02751186904649,0.1085,0.469231519935548,0.029584045881456,0.281,0.7435,1
0.112,0.384969293236702,0.032786664662697,0.1125,0.414305578759558,0.027337579427382,0.2445,0.45,1
0.1175,0.51833429261592,0.033985034056293,0.1165,0.292514496924482,0.02421799336964,0.1365,0.2795,1
0.1105,0.375453598316611,0.024081655536552,0.105,0.179577029758261,0.011652214726606,0.414,0.165,1
0.1175,0.323568107047191,0.026852922245102,0.101,0.415061747961384,0.026228179030889,0.292,0.32,1
0.117,0.156139805978802,0.01290086347492,0.0955,0.318006332181786,0.022477693706818,0.4035,0.1625,1
0.1175,0.454818823782817,0.034136012855722,0.1175,0.336382494198997,0.027543343801715,0.6685,0.2805,1
0.108,0.371979562412869,0.022799690945021,0.1105,0.236387963694276,0.019835279100144,0.686,0.2795,1
0.1175,0.320652696147711,0.023493875276487,0.0865,0.18313704747631,0.011163148905444,0.223,0.1845,1
0.0815,0.195704706729214,0.012060593257165,0.1175,0.282731351796915,0.02195965191728,0.094,0.2835,1
0.1135,0.449900803986096,0.03305742558867,0.1175,0.279531675993886,0.02347013841883,0.6755,0.2865,1
0.111,0.352417583196701,0.02557936547887,0.1175,0.393913224033836,0.036477200177158,0.34,0.2145,1
0.104,0.247394425725012,0.018495360779637,0.1175,0.42653165452733,0.030845573552362,0.299,0.2135,1
0.1115,0.123324411655244,0.007875625113143,0.1155,0.163060547741849,0.012346914852529,0.1995,0.236,0
0.1155,0.062781193418151,0.005570833812717,0.103,0.160609120862739,0.01086451766597,0.1965,0.215,0
0.111,0.150951898381755,0.011711141463054,0.097,0.120634002785413,0.008122386411939,0.5865,0.2205,0
0.1155,0.20401259595247,0.015437478538014,0.108,0.133029728724519,0.0094945163647,0.574,0.231,0
0.1155,0.15317479764602,0.012072396155705,0.0995,0.097870432516032,0.006729073649387,0.5685,0.215,0
0.1155,0.139918048462427,0.011563948296457,0.1155,0.188282033843155,0.012492243914548,0.6845,0.105,0
0.1155,0.172387667649775,0.012897370792668,0.1065,0.118479108065659,0.00770750718819,0.548,0.2235,0
0.1155,0.204071269574283,0.015651560935937,0.104,0.127542170246076,0.008069727413825,0.5325,0.1885,0
0.1155,0.227969938373276,0.018414736661516,0.1085,0.244793293696826,0.015830601444704,0.098,0.3345,0
0.11,0.19616988913368,0.013123650230512,0.1155,0.346863987365466,0.024742212530367,0.1445,1.7495,0
0.1155,0.533988990347798,0.042904908450156,0.1075,0.19933435720912,0.013712170454446,0.1575,0.4595,0
0.1155,0.536309825518392,0.040057473137768,0.1155,0.480394673415028,0.034984289557327,0.7515,0.151,0
0.1075,0.2135412074766,0.014104547913964,0.1155,0.407312351018379,0.030613044668304,0.488,0.158,0
0.1155,0.193529380785822,0.012929134928432,0.1155,0.510617481715569,0.038548375725347,0.488,0.7535,0
0.1155,0.338674426562781,0.026876822079629,0.1155,0.474911404375877,0.037916120222941,0.7405,0.1535,0
0.1155,0.183660257010329,0.015098864873925,0.1155,0.510804868850793,0.038722471784956,0.4555,0.1545,0
0.1155,0.200818465845446,0.014040011786152,0.1155,0.430298499018596,0.030995633504228,0.4035,0.1535,0
0.1155,0.170755850027775,0.012733061287393,0.1155,0.460236045168159,0.034778008718997,0.4205,0.144,0
0.117,0.182946772990935,0.013160546464831,0.1305,0.471576583981503,0.034034507905352,0.1965,0.5615,1
0.1205,0.183476931865579,0.013251889553729,0.1215,0.380563499511289,0.026414676431304,0.2015,0.5695,1
0.1305,0.176555804609647,0.016985789233561,0.1305,0.382122492756458,0.027698835032093,0.1865,0.894,1
0.1295,0.448665122074225,0.031522973080296,0.1305,0.165417722768746,0.016199589550521,0.579,0.1845,1
0.1305,0.4087934582327,0.029656343411822,0.1305,0.165345160420344,0.01651312062171,0.596,0.1725,1
0.1295,0.438151279065384,0.031402848763409,0.1305,0.206736474110831,0.019132481902787,0.626,0.149,1
0.1305,0.416541920278544,0.028873000965938,0.1305,0.162050431512244,0.015489121536281,0.591,0.19,1
0.1255,0.441490945284678,0.029471795738897,0.1305,0.159433626143717,0.015903055180228,0.6375,0.14,1
0.1305,0.459138523778663,0.031684006651756,0.128,0.164428122281902,0.014432375126814,0.631,0.138,1
0.1265,0.409192695990774,0.02696219749178,0.1305,0.200211189897302,0.017704807048693,0.6375,0.1455,1
0.0785,0.230667399118277,0.013322862718773,0.0895,0.170355873764267,0.009547574904442,0.1825,0.1985,1
0.0895,0.303965457149781,0.017420293878428,0.0895,0.215382860042558,0.012146239738175,0.1815,0.186,1
0.087,0.280190167658443,0.015732613170507,0.0895,0.193799435141357,0.010851374699981,0.1945,0.169,1
0.0895,0.288067987418862,0.016749185373144,0.0895,0.184609806572001,0.010590701219055,0.203,0.1845,1
0.0895,0.252242921779356,0.015245803265067,0.0895,0.233543707467518,0.013465845776098,0.19,0.573,1
0.0895,0.21812942273824,0.012296870312424,0.0895,0.261681384984143,0.015961209965999,0.1905,0.174,1
0.0895,0.181773897548038,0.010335035755242,0.0895,0.228519037394617,0.014070726825127,0.2,0.1915,1
0.0895,0.194053361368147,0.011187640883574,0.0895,0.14943722715839,0.008739660662405,0.273,0.201,1
0.0895,0.203415786886214,0.011926411544295,0.0895,0.212834554165775,0.011848522568144,0.5215,0.2165,1
0.077,0.121881676342505,0.007588685088236,0.0895,0.181892690277139,0.010091633498504,0.212,0.185,1
0.087,0.291102005254071,0.016157688606419,0.0895,0.221794252839813,0.012019507429683,0.19,0.1775,1
0.0895,0.207940541661058,0.012869481798309,0.0895,0.184212133043277,0.010669448613381,0.1935,0.1905,1
0.0895,0.35572989369259,0.021218359178119,0.087,0.221466032811202,0.012094259118998,0.1725,0.189,1
0.0895,0.229538074025676,0.013556241047554,0.0895,0.221559327259869,0.012615212164351,0.2,0.193,1
0.0895,0.339129629763484,0.019436014632803,0.0895,0.195786371703636,0.011066366502864,0.1755,0.1915,1
0.078,0.265446445856172,0.014711869325542,0.0895,0.214944404609536,0.011933789338997,0.195,0.357,1
0.0895,0.189030287619394,0.011737847920442,0.0895,0.292562959031284,0.016453883233743,0.1915,0.5775,1
0.0895,0.159420099680584,0.008933253421408,0.0895,0.284129791168519,0.016061433361716,0.1695,0.1975,1
0.0895,0.167495209018154,0.009480383611332,0.0895,0.328589725603224,0.01903790126373,0.179,0.1855,1
0.0895,0.190653724109563,0.010470685650529,0.0895,0.227783512373573,0.013304815599105,0.607,0.2575,1
0.1355,0.210607681925114,0.020150776430297,0.1355,0.167294128412651,0.014916082091026,0.687,1.4585,0
0.1355,0.165831463365952,0.015453983825271,0.1355,0.163959715209503,0.015738396391806,0.6315,0.622,0
0.1355,0.178496182370445,0.017327878947688,0.1355,0.195904029022671,0.018155183312869,0.575,1.235,0
0.1355,0.198327196409608,0.016829212798251,0.1355,0.197056987258047,0.017446666556805,0.519,0.5075,0
0.1355,0.204563606957854,0.018164098749469,0.1355,0.261763489932151,0.022628384468036,0.4955,0.4775,0
0.1355,0.247750604550426,0.021249231489071,0.1355,0.286252626641316,0.023902261130369,0.488,0.5085,0
0.1355,0.309446156254017,0.025432619880709,0.1355,0.382290105766786,0.031823412967753,0.5055,0.51,0
0.1355,0.448851415110291,0.035171349813037,0.1355,0.485250664031555,0.038458761661491,0.5405,0.583,0
0.1355,0.534481406540994,0.040720933933816,0.1355,0.513490777102658,0.037694067568781,0.627,0.645,0
0.1355,0.509086404441124,0.039280138455282,0.1355,0.482049700304751,0.03634404889175,0.664,0.664,0
0.1355,0.435746854566423,0.033565262441144,0.1355,0.446582619952955,0.034996711978271,0.656,0.6345,0
0.1355,0.469482736393434,0.035168211278321,0.1355,0.411960064359113,0.031507927319958,0.646,0.087,0
0.1355,0.19759018642402,0.01325273379166,0.1355,0.407000324140383,0.028703498304639,0.4035,0.6185,0
0.1355,0.396803449347953,0.030581640298516,0.1355,0.174839131377266,0.011904645720304,0.0905,0.378,0
0.1355,0.470909115737861,0.035653597943946,0.1335,0.186173560352854,0.012619465524975,0.088,0.369,0
0.1355,0.456179278891151,0.03406115922867,0.1265,0.202524106828747,0.01256843629406,0.096,0.38,0
0.1355,0.471003506550367,0.033732548489326,0.1265,0.19607185681734,0.01251871450566,0.086,0.3845,0
0.1355,0.512240374907898,0.038599794762668,0.131,0.169876190771883,0.011576560417021,0.0885,0.382,0
0.1355,0.481585255645789,0.03492979918164,0.1295,0.182802002314839,0.012617985880257,0.0945,0.378,0
0.1355,0.52298506043842,0.038819456730321,0.1355,0.194161259232716,0.013800792166846,0.085,0.3745,0
0.1355,0.502598927636961,0.037221457236716,0.1355,0.504331438589448,0.037163259077194,0.599,0.09,0
0.13,0.173807937823529,0.011267016723455,0.1355,0.497972642678293,0.037426882517267,0.3815,0.6,0
0.1355,0.497254522651867,0.036114330843602,0.1255,0.164957560094875,0.011556418997155,0.0875,0.387,0
0.1355,0.474487209621066,0.035152981027054,0.1275,0.173604754491615,0.012050692658514,0.09,0.388,0
